date,ccy,pv_entry,abs_err,min_tenor,max_tenor
2019-01-02,NGN,,,1.0,5.0
2019-01-09,BRL,1.0,0.0,1.0,10.0
2019-01-09,NGN,,,1.0,5.0
2019-01-16,BRL,1.0,0.0,1.0,10.0
2019-01-16,NGN,,,1.0,5.0
2019-01-23,BRL,1.0,0.0,1.0,10.0
2019-01-23,NGN,,,1.0,5.0
2019-01-30,BRL,1.0,0.0,1.0,10.0
2019-01-30,NGN,,,1.0,5.0
2019-02-06,BRL,1.0,0.0,1.0,10.0
2019-02-06,NGN,,,1.0,5.0
2019-02-13,BRL,1.0,0.0,1.0,10.0
2019-02-13,NGN,,,1.0,5.0
2019-02-20,BRL,1.0,0.0,1.0,10.0
2019-02-20,NGN,,,1.0,5.0
2019-02-27,BRL,1.0,0.0,1.0,10.0
2019-02-27,NGN,,,1.0,5.0
2019-03-06,BRL,1.0,0.0,1.0,10.0
2019-03-06,NGN,,,1.0,5.0
2019-03-13,BRL,1.0,0.0,1.0,10.0
2019-03-13,NGN,1.0,0.0,1.0,10.0
2019-03-20,BRL,0.9999999999999999,1.1102230246251565e-16,1.0,10.0
2019-03-20,NGN,1.0,0.0,1.0,10.0
2019-03-27,BRL,1.0,0.0,1.0,10.0
2019-03-27,NGN,1.0,0.0,1.0,10.0
2019-04-03,BRL,1.0,0.0,1.0,10.0
2019-04-03,NGN,1.0,0.0,1.0,10.0
2019-04-03,TRY,1.0,0.0,1.0,10.0
2019-04-10,BRL,1.0,0.0,1.0,10.0
2019-04-10,NGN,1.0,0.0,1.0,10.0
2019-04-10,TRY,0.9999999999999999,1.1102230246251565e-16,1.0,10.0
2019-04-17,BRL,1.0,0.0,1.0,10.0
2019-04-17,NGN,1.0,0.0,1.0,10.0
2019-04-17,TRY,1.0,0.0,1.0,10.0
2019-04-24,BRL,1.0,0.0,1.0,10.0
2019-04-24,NGN,1.0,0.0,1.0,10.0
2019-04-24,TRY,1.0,0.0,1.0,10.0
2019-05-01,BRL,1.0,0.0,1.0,10.0
2019-05-01,NGN,1.0,0.0,1.0,10.0
2019-05-01,TRY,1.0,0.0,1.0,10.0
2019-05-08,BRL,1.0,0.0,1.0,10.0
2019-05-08,NGN,1.0,0.0,1.0,10.0
2019-05-08,TRY,1.0,0.0,1.0,10.0
2019-05-15,BRL,1.0,0.0,1.0,10.0
2019-05-15,NGN,1.0,0.0,1.0,10.0
2019-05-15,TRY,1.0,0.0,1.0,10.0
2019-05-22,BRL,1.0,0.0,1.0,10.0
2019-05-22,NGN,1.0,0.0,1.0,10.0
2019-05-22,TRY,0.9999999999999999,1.1102230246251565e-16,1.0,10.0
2019-05-29,BRL,1.0,0.0,1.0,10.0
2019-05-29,NGN,1.0,0.0,1.0,10.0
2019-05-29,TRY,1.0,0.0,1.0,10.0
2019-06-05,BRL,1.0,0.0,1.0,10.0
2019-06-05,NGN,0.9999999999999999,1.1102230246251565e-16,1.0,10.0
2019-06-05,TRY,1.0,0.0,1.0,10.0
2019-06-12,BRL,1.0,0.0,1.0,10.0
2019-06-12,NGN,1.0,0.0,1.0,10.0
2019-06-12,TRY,1.0,0.0,1.0,10.0
2019-06-19,BRL,1.0,0.0,1.0,10.0
2019-06-19,NGN,1.0,0.0,1.0,10.0
2019-06-19,TRY,1.0,0.0,1.0,10.0
2019-06-26,BRL,1.0,0.0,1.0,10.0
2019-06-26,NGN,0.9999999999999999,1.1102230246251565e-16,1.0,10.0
2019-06-26,TRY,1.0,0.0,1.0,10.0
2019-07-03,BRL,1.0,0.0,1.0,10.0
2019-07-03,NGN,0.9999999999999999,1.1102230246251565e-16,1.0,10.0
2019-07-03,TRY,1.0,0.0,1.0,10.0
2019-07-10,BRL,1.0,0.0,1.0,10.0
2019-07-10,TRY,1.0,0.0,1.0,10.0
2019-07-17,BRL,1.0,0.0,1.0,10.0
2019-07-17,TRY,1.0,0.0,1.0,10.0
2019-07-24,BRL,1.0,0.0,1.0,10.0
2019-07-24,TRY,1.0,0.0,1.0,10.0
2019-07-31,BRL,0.9999999999999999,1.1102230246251565e-16,1.0,10.0
2019-07-31,TRY,1.0,0.0,1.0,10.0
2019-08-07,BRL,1.0,0.0,1.0,10.0
2019-08-07,TRY,1.0,0.0,1.0,10.0
2019-08-14,BRL,1.0,0.0,1.0,10.0
2019-08-14,TRY,1.0,0.0,1.0,10.0
2019-08-21,BRL,1.0,0.0,1.0,10.0
2019-08-21,TRY,1.0,0.0,1.0,10.0
2019-08-28,BRL,1.0,0.0,1.0,10.0
2019-08-28,TRY,1.0,0.0,1.0,10.0
2019-09-04,BRL,1.0,0.0,1.0,10.0
2019-09-04,TRY,0.9999999999999999,1.1102230246251565e-16,1.0,10.0
2019-09-11,BRL,1.0,0.0,1.0,10.0
2019-09-11,TRY,1.0,0.0,1.0,10.0
2019-09-18,BRL,1.0,0.0,1.0,10.0
2019-09-25,BRL,1.0,0.0,1.0,10.0
2019-10-02,BRL,1.0,0.0,1.0,10.0
2019-10-09,BRL,1.0,0.0,1.0,10.0
2019-10-16,BRL,1.0,0.0,1.0,10.0
2019-10-23,BRL,1.0,0.0,1.0,10.0
2019-10-30,BRL,1.0,0.0,1.0,10.0
2019-11-06,BRL,1.0,0.0,1.0,10.0
2019-11-13,BRL,1.0,0.0,1.0,10.0
2019-11-20,BRL,1.0,0.0,1.0,10.0
2019-11-27,BRL,1.0,0.0,1.0,10.0
2019-11-27,TRY,1.0,0.0,1.0,10.0
2019-12-04,BRL,1.0,0.0,1.0,10.0
2019-12-04,TRY,1.0,0.0,1.0,10.0
2019-12-11,BRL,1.0,0.0,1.0,10.0
2019-12-11,TRY,0.9999999999999999,1.1102230246251565e-16,1.0,10.0
2019-12-18,BRL,1.0,0.0,1.0,10.0
2019-12-18,TRY,1.0,0.0,1.0,10.0
2019-12-25,BRL,1.0,0.0,1.0,10.0
2019-12-25,TRY,1.0,0.0,1.0,10.0
2020-01-01,BRL,1.0,0.0,1.0,10.0
2020-01-01,TRY,1.0,0.0,1.0,10.0
2020-01-08,BRL,1.0,0.0,1.0,10.0
2020-01-08,TRY,1.0,0.0,1.0,10.0
2020-01-15,BRL,1.0,0.0,1.0,10.0
2020-01-15,TRY,1.0,0.0,1.0,10.0
2020-01-22,BRL,1.0,0.0,1.0,10.0
2020-01-22,TRY,1.0,0.0,1.0,10.0
2020-01-29,BRL,0.9999999999999999,1.1102230246251565e-16,1.0,10.0
2020-01-29,TRY,1.0,0.0,1.0,10.0
2020-02-05,BRL,1.0,0.0,1.0,10.0
2020-02-05,TRY,1.0,0.0,1.0,10.0
2020-02-12,BRL,1.0,0.0,1.0,10.0
2020-02-12,TRY,1.0,0.0,1.0,10.0
2020-02-19,BRL,1.0,0.0,1.0,10.0
2020-02-19,TRY,1.0,0.0,1.0,10.0
2020-02-26,BRL,1.0,0.0,1.0,10.0
2020-02-26,TRY,1.0,0.0,1.0,10.0
2020-03-04,BRL,1.0,0.0,1.0,10.0
2020-03-04,TRY,1.0,0.0,1.0,10.0
2020-03-11,BRL,1.0,0.0,1.0,10.0
2020-03-11,TRY,1.0,0.0,1.0,10.0
2020-03-18,BRL,1.0,0.0,1.0,10.0
2020-03-18,TRY,1.0,0.0,1.0,10.0
2020-03-25,BRL,1.0,0.0,1.0,10.0
2020-03-25,TRY,1.0,0.0,1.0,10.0
2020-04-01,BRL,1.0,0.0,1.0,10.0
2020-04-01,TRY,1.0,0.0,1.0,10.0
2020-04-08,BRL,0.9999999999999999,1.1102230246251565e-16,1.0,10.0
2020-04-08,TRY,1.0,0.0,1.0,10.0
2020-04-15,BRL,1.0,0.0,1.0,10.0
2020-04-15,TRY,1.0,0.0,1.0,10.0
2020-04-22,BRL,1.0,0.0,1.0,10.0
2020-04-22,TRY,1.0,0.0,1.0,10.0
2020-04-29,BRL,1.0,0.0,1.0,10.0
2020-04-29,TRY,1.0,0.0,1.0,10.0
2020-05-06,BRL,1.0,0.0,1.0,10.0
2020-05-06,TRY,0.9999999999999999,1.1102230246251565e-16,1.0,10.0
2020-05-13,BRL,1.0,0.0,1.0,10.0
2020-05-13,TRY,1.0,0.0,1.0,10.0
2020-05-20,BRL,0.9999999999999999,1.1102230246251565e-16,1.0,10.0
2020-05-20,TRY,1.0,0.0,1.0,10.0
2020-05-27,BRL,1.0,0.0,1.0,10.0
2020-05-27,TRY,1.0,0.0,1.0,10.0
2020-06-03,BRL,0.9999999999999999,1.1102230246251565e-16,1.0,10.0
2020-06-03,TRY,1.0,0.0,1.0,10.0
2020-06-10,BRL,1.0,0.0,1.0,10.0
2020-06-10,TRY,1.0,0.0,1.0,10.0
2020-06-17,BRL,1.0,0.0,1.0,10.0
2020-06-17,TRY,1.0,0.0,1.0,10.0
2020-06-24,BRL,1.0,0.0,1.0,10.0
2020-06-24,TRY,1.0,0.0,1.0,10.0
2020-07-01,BRL,1.0,0.0,1.0,10.0
2020-07-01,TRY,1.0,0.0,1.0,10.0
2020-07-08,BRL,1.0,0.0,1.0,10.0
2020-07-08,TRY,1.0,0.0,1.0,10.0
2020-07-15,BRL,1.0,0.0,1.0,10.0
2020-07-22,BRL,1.0,0.0,1.0,10.0
2020-07-29,BRL,1.0,0.0,1.0,10.0
2020-08-05,BRL,1.0,0.0,1.0,10.0
2020-08-12,BRL,1.0,0.0,1.0,10.0
2020-08-19,BRL,1.0,0.0,1.0,10.0
2020-08-26,BRL,1.0,0.0,1.0,10.0
2020-09-02,BRL,1.0,0.0,1.0,10.0
2020-09-09,BRL,1.0,0.0,1.0,10.0
2020-09-16,BRL,1.0,0.0,1.0,10.0
2020-09-23,BRL,1.0,0.0,1.0,10.0
2020-09-30,BRL,1.0,0.0,1.0,10.0
2020-10-07,BRL,1.0,0.0,1.0,10.0
2020-10-14,BRL,1.0,0.0,1.0,10.0
2020-10-21,BRL,1.0,0.0,1.0,10.0
2020-10-28,BRL,1.0,0.0,1.0,10.0
2020-11-04,BRL,1.0,0.0,1.0,10.0
2020-11-11,BRL,1.0,0.0,1.0,10.0
2020-11-18,BRL,1.0,0.0,1.0,10.0
2020-11-25,BRL,1.0,0.0,1.0,10.0
2020-12-02,BRL,1.0,0.0,1.0,10.0
2020-12-02,TRY,,,1.0,5.0
2020-12-09,BRL,1.0,0.0,1.0,10.0
2020-12-09,TRY,1.0,0.0,1.0,10.0
2020-12-16,BRL,1.0,0.0,1.0,10.0
2020-12-16,TRY,1.0,0.0,1.0,10.0
2020-12-23,BRL,1.0,0.0,1.0,10.0
2020-12-23,TRY,1.0,0.0,1.0,10.0
2020-12-30,BRL,1.0,0.0,1.0,10.0
2020-12-30,TRY,1.0,0.0,1.0,10.0
2021-01-06,BRL,1.0,0.0,1.0,10.0
2021-01-06,TRY,1.0,0.0,1.0,10.0
2021-01-13,BRL,1.0,0.0,1.0,10.0
2021-01-13,TRY,1.0,0.0,1.0,10.0
2021-01-20,BRL,1.0,0.0,1.0,10.0
2021-01-20,TRY,1.0,0.0,1.0,10.0
2021-01-27,BRL,1.0,0.0,1.0,10.0
2021-01-27,TRY,1.0,0.0,1.0,10.0
2021-02-03,BRL,1.0,0.0,1.0,10.0
2021-02-03,TRY,1.0,0.0,1.0,10.0
2021-02-10,BRL,1.0,0.0,1.0,10.0
2021-02-10,TRY,1.0,0.0,1.0,10.0
2021-02-17,BRL,1.0,0.0,1.0,10.0
2021-02-17,TRY,1.0,0.0,1.0,10.0
2021-02-24,BRL,1.0,0.0,1.0,10.0
2021-02-24,TRY,1.0,0.0,1.0,10.0
2021-03-03,BRL,1.0,0.0,1.0,10.0
2021-03-10,BRL,1.0,0.0,1.0,10.0
2021-03-17,BRL,1.0,0.0,1.0,10.0
2021-03-24,BRL,1.0,0.0,1.0,10.0
2021-03-31,BRL,1.0,0.0,1.0,10.0
2021-04-07,BRL,1.0,0.0,1.0,10.0
2021-04-14,BRL,1.0,0.0,1.0,10.0
2021-04-14,TRY,1.0,0.0,1.0,10.0
2021-04-21,BRL,0.9999999999999999,1.1102230246251565e-16,1.0,10.0
2021-04-21,TRY,0.9999999999999999,1.1102230246251565e-16,1.0,10.0
2021-04-28,BRL,1.0,0.0,1.0,10.0
2021-04-28,TRY,1.0,0.0,1.0,10.0
2021-05-05,BRL,1.0,0.0,1.0,10.0
2021-05-05,TRY,0.9999999999999999,1.1102230246251565e-16,1.0,10.0
2021-05-12,BRL,1.0,0.0,1.0,10.0
2021-05-12,TRY,1.0,0.0,1.0,10.0
2021-05-19,BRL,1.0,0.0,1.0,10.0
2021-05-19,TRY,1.0,0.0,1.0,10.0
2021-05-26,BRL,1.0,0.0,1.0,10.0
2021-05-26,TRY,1.0,0.0,1.0,10.0
2021-06-02,BRL,1.0,0.0,1.0,10.0
2021-06-02,TRY,0.9999999999999998,2.220446049250313e-16,1.0,10.0
2021-06-09,BRL,1.0,0.0,1.0,10.0
2021-06-09,TRY,1.0,0.0,1.0,10.0
2021-06-16,BRL,0.9999999999999999,1.1102230246251565e-16,1.0,10.0
2021-06-16,TRY,1.0,0.0,1.0,10.0
2021-06-23,BRL,1.0,0.0,1.0,10.0
2021-06-23,TRY,1.0,0.0,1.0,10.0
2021-06-30,BRL,0.9999999999999999,1.1102230246251565e-16,1.0,10.0
2021-06-30,TRY,1.0,0.0,1.0,10.0
2021-07-07,BRL,1.0,0.0,1.0,10.0
2021-07-07,TRY,1.0,0.0,1.0,10.0
2021-07-14,BRL,1.0,0.0,1.0,10.0
2021-07-14,TRY,1.0,0.0,1.0,10.0
2021-07-21,BRL,0.9999999999999999,1.1102230246251565e-16,1.0,10.0
2021-07-21,TRY,1.0,0.0,1.0,10.0
2021-07-28,BRL,1.0,0.0,1.0,10.0
2021-07-28,TRY,1.0,0.0,1.0,10.0
2021-08-04,BRL,1.0,0.0,1.0,10.0
2021-08-04,TRY,1.0,0.0,1.0,10.0
2021-08-11,BRL,1.0,0.0,1.0,10.0
2021-08-11,TRY,1.0,0.0,1.0,10.0
2021-08-18,BRL,1.0,0.0,1.0,10.0
2021-08-18,TRY,1.0,0.0,1.0,10.0
2021-08-25,BRL,1.0,0.0,1.0,10.0
2021-08-25,TRY,1.0,0.0,1.0,10.0
2021-09-01,BRL,1.0,0.0,1.0,10.0
2021-09-01,TRY,1.0,0.0,1.0,10.0
2021-09-08,BRL,1.0,0.0,1.0,10.0
2021-09-08,TRY,1.0,0.0,1.0,10.0
2021-09-15,BRL,1.0,0.0,1.0,10.0
2021-09-15,TRY,1.0,0.0,1.0,10.0
2021-09-22,BRL,1.0,0.0,1.0,10.0
2021-09-22,TRY,1.0,0.0,1.0,10.0
2021-09-29,BRL,1.0,0.0,1.0,10.0
2021-09-29,TRY,1.0,0.0,1.0,10.0
2021-10-06,BRL,1.0,0.0,1.0,10.0
2021-10-06,TRY,1.0,0.0,1.0,10.0
2021-10-13,BRL,1.0,0.0,1.0,10.0
2021-10-13,TRY,1.0,0.0,1.0,10.0
2021-10-20,BRL,1.0,0.0,1.0,10.0
2021-10-20,TRY,1.0,0.0,1.0,10.0
2021-10-27,BRL,1.0,0.0,1.0,10.0
2021-10-27,TRY,1.0,0.0,1.0,10.0
2021-11-03,BRL,1.0,0.0,1.0,10.0
2021-11-03,TRY,1.0,0.0,1.0,10.0
2021-11-10,BRL,1.0,0.0,1.0,10.0
2021-11-10,TRY,1.0,0.0,1.0,10.0
2021-11-17,BRL,1.0,0.0,1.0,10.0
2021-11-17,TRY,1.0,0.0,1.0,10.0
2021-11-24,BRL,1.0,0.0,1.0,10.0
2021-11-24,TRY,0.9999999999999999,1.1102230246251565e-16,1.0,10.0
2021-12-01,BRL,1.0,0.0,1.0,10.0
2021-12-01,TRY,1.0,0.0,1.0,10.0
2021-12-08,BRL,1.0,0.0,1.0,10.0
2021-12-08,TRY,1.0,0.0,1.0,10.0
2021-12-15,BRL,1.0,0.0,1.0,10.0
2021-12-15,TRY,1.0,0.0,1.0,10.0
2021-12-22,BRL,1.0,0.0,1.0,10.0
2021-12-22,TRY,1.0,0.0,1.0,10.0
2021-12-29,BRL,1.0,0.0,1.0,10.0
2021-12-29,TRY,1.0,0.0,1.0,10.0
2022-01-05,BRL,1.0,0.0,1.0,10.0
2022-01-05,TRY,1.0,0.0,1.0,10.0
2022-01-12,BRL,1.0,0.0,1.0,10.0
2022-01-12,TRY,1.0,0.0,1.0,10.0
2022-01-19,BRL,1.0,0.0,1.0,10.0
2022-01-19,TRY,0.9999999999999999,1.1102230246251565e-16,1.0,10.0
2022-01-26,BRL,1.0,0.0,1.0,10.0
2022-01-26,TRY,1.0,0.0,1.0,10.0
2022-02-02,BRL,1.0,0.0,1.0,10.0
2022-02-02,TRY,1.0,0.0,1.0,10.0
2022-02-09,BRL,1.0,0.0,1.0,10.0
2022-02-09,TRY,1.0,0.0,1.0,10.0
2022-02-16,BRL,1.0,0.0,1.0,10.0
2022-02-16,TRY,1.0,0.0,1.0,10.0
2022-02-23,BRL,1.0,0.0,1.0,10.0
2022-02-23,TRY,0.9999999999999999,1.1102230246251565e-16,1.0,10.0
2022-03-02,BRL,1.0,0.0,1.0,10.0
2022-03-02,TRY,1.0,0.0,1.0,10.0
2022-03-09,BRL,1.0,0.0,1.0,10.0
2022-03-09,TRY,1.0,0.0,1.0,10.0
2022-03-16,BRL,1.0,0.0,1.0,10.0
2022-03-16,TRY,0.9999999999999998,2.220446049250313e-16,1.0,10.0
2022-03-23,BRL,1.0,0.0,1.0,10.0
2022-03-23,TRY,1.0,0.0,1.0,10.0
2022-03-30,BRL,1.0,0.0,1.0,10.0
2022-03-30,TRY,1.0,0.0,1.0,10.0
2022-04-06,BRL,1.0,0.0,1.0,10.0
2022-04-06,TRY,1.0,0.0,1.0,10.0
2022-04-13,BRL,1.0,0.0,1.0,10.0
2022-04-13,TRY,1.0,0.0,1.0,10.0
2022-04-20,BRL,1.0,0.0,1.0,10.0
2022-04-20,TRY,,,1.0,5.0
2022-04-27,BRL,1.0,0.0,1.0,10.0
2022-04-27,TRY,,,1.0,5.0
2022-05-04,BRL,1.0,0.0,1.0,10.0
2022-05-04,TRY,,,1.0,5.0
2022-05-11,BRL,1.0,0.0,1.0,10.0
2022-05-11,TRY,,,1.0,5.0
2022-05-18,BRL,1.0,0.0,1.0,10.0
2022-05-18,TRY,,,1.0,5.0
2022-05-25,BRL,1.0,0.0,1.0,10.0
2022-05-25,TRY,,,1.0,5.0
2022-06-01,BRL,1.0,0.0,1.0,10.0
2022-06-01,TRY,,,1.0,5.0
2022-06-08,BRL,1.0,0.0,1.0,10.0
2022-06-08,TRY,,,1.0,5.0
2022-06-15,BRL,1.0,0.0,1.0,10.0
2022-06-15,NGN,,,1.0,5.0
2022-06-15,TRY,1.0,0.0,1.0,10.0
2022-06-22,BRL,1.0,0.0,1.0,10.0
2022-06-22,NGN,,,1.0,5.0
2022-06-22,TRY,1.0,0.0,1.0,10.0
2022-06-29,BRL,1.0,0.0,1.0,10.0
2022-06-29,NGN,,,1.0,5.0
2022-06-29,TRY,1.0,0.0,1.0,10.0
2022-07-06,BRL,1.0,0.0,1.0,10.0
2022-07-06,NGN,,,1.0,5.0
2022-07-06,TRY,1.0,0.0,1.0,10.0
2022-07-13,BRL,1.0,0.0,1.0,10.0
2022-07-13,NGN,,,1.0,5.0
2022-07-13,TRY,0.9999999999999999,1.1102230246251565e-16,1.0,10.0
2022-07-20,BRL,1.0,0.0,1.0,10.0
2022-07-20,NGN,,,1.0,5.0
2022-07-20,TRY,1.0,0.0,1.0,10.0
2022-07-27,BRL,1.0,0.0,1.0,10.0
2022-07-27,NGN,,,1.0,5.0
2022-07-27,TRY,0.9999999999999999,1.1102230246251565e-16,1.0,10.0
2022-08-03,BRL,1.0,0.0,1.0,10.0
2022-08-03,NGN,,,1.0,5.0
2022-08-03,TRY,1.0,0.0,1.0,10.0
2022-08-10,BRL,1.0,0.0,1.0,10.0
2022-08-10,NGN,,,1.0,5.0
2022-08-10,TRY,1.0,0.0,1.0,10.0
2022-08-17,BRL,1.0,0.0,1.0,10.0
2022-08-17,NGN,,,1.0,5.0
2022-08-17,TRY,0.9999999999999999,1.1102230246251565e-16,1.0,10.0
2022-08-24,BRL,1.0,0.0,1.0,10.0
2022-08-24,TRY,1.0,0.0,1.0,10.0
2022-08-31,BRL,1.0,0.0,1.0,10.0
2022-08-31,TRY,1.0,0.0,1.0,10.0
2022-09-07,BRL,1.0,0.0,1.0,10.0
2022-09-07,TRY,1.0,0.0,1.0,10.0
2022-09-14,BRL,1.0,0.0,1.0,10.0
2022-09-14,TRY,1.0,0.0,1.0,10.0
2022-09-21,BRL,1.0,0.0,1.0,10.0
2022-09-21,TRY,1.0,0.0,1.0,10.0
2022-09-28,BRL,1.0,0.0,1.0,10.0
2022-09-28,TRY,1.0,0.0,1.0,10.0
2022-10-05,BRL,1.0,0.0,1.0,10.0
2022-10-05,TRY,1.0,0.0,1.0,10.0
2022-10-12,BRL,1.0,0.0,1.0,10.0
2022-10-12,TRY,1.0,0.0,1.0,10.0
2022-10-19,BRL,1.0,0.0,1.0,10.0
2022-10-19,PKR,,,1.0,5.0
2022-10-19,TRY,1.0,0.0,1.0,10.0
2022-10-26,BRL,1.0,0.0,1.0,10.0
2022-10-26,PKR,,,1.0,5.0
2022-10-26,TRY,1.0,0.0,1.0,10.0
2022-11-02,BRL,1.0,0.0,1.0,10.0
2022-11-02,PKR,,,1.0,5.0
2022-11-02,TRY,1.0,0.0,1.0,10.0
2022-11-09,BRL,1.0,0.0,1.0,10.0
2022-11-09,PKR,,,1.0,5.0
2022-11-09,TRY,1.0,0.0,1.0,10.0
2022-11-16,BRL,1.0,0.0,1.0,10.0
2022-11-16,PKR,1.0,0.0,1.0,10.0
2022-11-16,TRY,1.0,0.0,1.0,10.0
2022-11-23,BRL,1.0,0.0,1.0,10.0
2022-11-23,PKR,1.0,0.0,1.0,10.0
2022-11-23,TRY,1.0,0.0,1.0,10.0
2022-11-30,BRL,1.0,0.0,1.0,10.0
2022-11-30,PKR,1.0,0.0,1.0,10.0
2022-12-07,BRL,1.0,0.0,1.0,10.0
2022-12-07,PKR,1.0,0.0,1.0,10.0
2022-12-14,BRL,1.0000000000000002,2.220446049250313e-16,1.0,10.0
2022-12-14,PKR,0.9999999999999999,1.1102230246251565e-16,1.0,10.0
2022-12-14,TRY,1.0,0.0,1.0,10.0
2022-12-21,BRL,0.9999999999999999,1.1102230246251565e-16,1.0,10.0
2022-12-21,PKR,1.0,0.0,1.0,10.0
2022-12-28,BRL,1.0,0.0,1.0,10.0
2022-12-28,PKR,1.0,0.0,1.0,10.0
2023-01-04,BRL,1.0,0.0,1.0,10.0
2023-01-04,PKR,1.0,0.0,1.0,10.0
2023-01-11,BRL,1.0,0.0,1.0,10.0
2023-01-11,PKR,1.0,0.0,1.0,10.0
2023-01-18,BRL,1.0,0.0,1.0,10.0
2023-01-18,PKR,1.0,0.0,1.0,10.0
2023-01-25,BRL,1.0,0.0,1.0,10.0
2023-01-25,PKR,1.0,0.0,1.0,10.0
2023-01-25,TRY,0.9999999999999999,1.1102230246251565e-16,1.0,10.0
2023-02-01,BRL,1.0,0.0,1.0,10.0
2023-02-01,PKR,0.9999999999999999,1.1102230246251565e-16,1.0,10.0
2023-02-01,TRY,1.0,0.0,1.0,10.0
2023-02-08,BRL,1.0,0.0,1.0,10.0
2023-02-08,PKR,1.0,0.0,1.0,10.0
2023-02-08,TRY,1.0,0.0,1.0,10.0
2023-02-15,BRL,1.0,0.0,1.0,10.0
2023-02-15,PKR,1.0,0.0,1.0,10.0
2023-02-15,TRY,1.0,0.0,1.0,10.0
2023-02-22,BRL,0.9999999999999999,1.1102230246251565e-16,1.0,10.0
2023-02-22,PKR,1.0,0.0,1.0,10.0
2023-02-22,TRY,0.9999999999999998,2.220446049250313e-16,1.0,10.0
2023-03-01,BRL,1.0,0.0,1.0,10.0
2023-03-01,PKR,,,1.0,5.0
2023-03-01,TRY,0.9999999999999999,1.1102230246251565e-16,1.0,10.0
2023-03-08,BRL,1.0,0.0,1.0,10.0
2023-03-08,PKR,,,1.0,5.0
2023-03-08,TRY,1.0,0.0,1.0,10.0
2023-03-15,BRL,1.0,0.0,1.0,10.0
2023-03-15,PKR,,,1.0,5.0
2023-03-15,TRY,1.0,0.0,1.0,10.0
2023-03-22,BRL,1.0,0.0,1.0,10.0
2023-03-22,PKR,,,1.0,5.0
2023-03-22,TRY,1.0,0.0,1.0,10.0
2023-03-29,BRL,1.0,0.0,1.0,10.0
2023-03-29,PKR,,,1.0,5.0
2023-03-29,TRY,1.0,0.0,1.0,10.0
2023-04-05,BRL,1.0,0.0,1.0,10.0
2023-04-05,PKR,,,1.0,5.0
2023-04-05,TRY,1.0,0.0,1.0,10.0
2023-04-12,BRL,1.0,0.0,1.0,10.0
2023-04-12,PKR,,,1.0,5.0
2023-04-12,TRY,1.0,0.0,1.0,10.0
2023-04-19,BRL,1.0,0.0,1.0,10.0
2023-04-19,PKR,,,1.0,5.0
2023-04-19,TRY,1.0,0.0,1.0,10.0
2023-04-26,BRL,1.0,0.0,1.0,10.0
2023-04-26,PKR,,,1.0,5.0
2023-05-03,BRL,1.0,0.0,1.0,10.0
2023-05-03,PKR,,,1.0,5.0
2023-05-10,BRL,1.0,0.0,1.0,10.0
2023-05-10,PKR,,,1.0,5.0
2023-05-17,BRL,1.0,0.0,1.0,10.0
2023-05-24,BRL,1.0,0.0,1.0,10.0
2023-05-31,BRL,1.0,0.0,1.0,10.0
2023-06-07,BRL,1.0,0.0,1.0,10.0
2023-06-14,BRL,1.0,0.0,1.0,10.0
2023-06-21,BRL,1.0,0.0,1.0,10.0
2023-06-28,BRL,1.0,0.0,1.0,10.0
2023-06-28,TRY,1.0,0.0,1.0,10.0
2023-07-05,BRL,1.0,0.0,1.0,10.0
2023-07-05,TRY,1.0,0.0,1.0,10.0
2023-07-12,BRL,0.9999999999999999,1.1102230246251565e-16,1.0,10.0
2023-07-12,TRY,1.0,0.0,1.0,10.0
2023-07-19,BRL,1.0,0.0,1.0,10.0
2023-07-19,TRY,1.0,0.0,1.0,10.0
2023-07-26,BRL,1.0,0.0,1.0,10.0
2023-07-26,TRY,1.0,0.0,1.0,10.0
2023-08-02,BRL,1.0,0.0,1.0,10.0
2023-08-02,TRY,1.0,0.0,1.0,10.0
2023-08-09,BRL,1.0,0.0,1.0,10.0
2023-08-09,TRY,1.0,0.0,1.0,10.0
2023-08-16,BRL,1.0,0.0,1.0,10.0
2023-08-16,TRY,1.0,0.0,1.0,10.0
2023-08-23,BRL,1.0,0.0,1.0,10.0
2023-08-23,TRY,1.0,0.0,1.0,10.0
2023-08-30,BRL,1.0,0.0,1.0,10.0
2023-08-30,TRY,1.0,0.0,1.0,10.0
2023-09-06,BRL,1.0,0.0,1.0,10.0
2023-09-06,TRY,0.9999999999999999,1.1102230246251565e-16,1.0,10.0
2023-09-13,BRL,1.0,0.0,1.0,10.0
2023-09-13,TRY,1.0,0.0,1.0,10.0
2023-09-20,BRL,1.0,0.0,1.0,10.0
2023-09-20,TRY,1.0,0.0,1.0,10.0
2023-09-27,BRL,1.0,0.0,1.0,10.0
2023-09-27,TRY,1.0,0.0,1.0,10.0
2023-10-04,BRL,1.0,0.0,1.0,10.0
2023-10-04,TRY,1.0,0.0,1.0,10.0
2023-10-11,BRL,1.0,0.0,1.0,10.0
2023-10-18,BRL,1.0,0.0,1.0,10.0
2023-10-25,BRL,1.0,0.0,1.0,10.0
2023-11-01,BRL,0.9999999999999999,1.1102230246251565e-16,1.0,10.0
2023-11-01,TRY,0.9999999999999999,1.1102230246251565e-16,1.0,10.0
2023-11-08,BRL,1.0,0.0,1.0,10.0
2023-11-08,TRY,0.9999999999999999,1.1102230246251565e-16,1.0,10.0
2023-11-15,BRL,0.9999999999999999,1.1102230246251565e-16,1.0,10.0
2023-11-15,TRY,1.0,0.0,1.0,10.0
2023-11-22,BRL,1.0,0.0,1.0,10.0
2023-11-22,TRY,1.0,0.0,1.0,10.0
2023-11-29,BRL,1.0,0.0,1.0,10.0
2023-11-29,TRY,1.0,0.0,1.0,10.0
2023-12-06,BRL,1.0,0.0,1.0,10.0
2023-12-06,TRY,1.0,0.0,1.0,10.0
2023-12-13,BRL,1.0,0.0,1.0,10.0
2023-12-13,TRY,1.0,0.0,1.0,10.0
2023-12-20,BRL,1.0,0.0,1.0,10.0
2023-12-20,TRY,1.0,0.0,1.0,10.0
2023-12-27,BRL,1.0,0.0,1.0,10.0
2023-12-27,TRY,1.0,0.0,1.0,10.0
2024-01-03,BRL,1.0,0.0,1.0,10.0
2024-01-03,TRY,1.0,0.0,1.0,10.0
2024-01-10,BRL,1.0,0.0,1.0,10.0
2024-01-10,TRY,0.9999999999999999,1.1102230246251565e-16,1.0,10.0
2024-01-17,BRL,1.0,0.0,1.0,10.0
2024-01-17,TRY,1.0,0.0,1.0,10.0
2024-01-24,BRL,1.0,0.0,1.0,10.0
2024-01-24,TRY,1.0,0.0,1.0,10.0
2024-01-31,BRL,1.0,0.0,1.0,10.0
2024-01-31,PKR,,,1.0,5.0
2024-01-31,TRY,1.0,0.0,1.0,10.0
2024-02-07,BRL,1.0,0.0,1.0,10.0
2024-02-07,PKR,,,1.0,5.0
2024-02-07,TRY,0.9999999999999999,1.1102230246251565e-16,1.0,10.0
2024-02-14,BRL,1.0,0.0,1.0,10.0
2024-02-14,PKR,,,1.0,5.0
2024-02-14,TRY,1.0,0.0,1.0,10.0
2024-02-21,BRL,1.0,0.0,1.0,10.0
2024-02-21,PKR,,,1.0,5.0
2024-02-21,TRY,1.0,0.0,1.0,10.0
2024-02-28,BRL,1.0,0.0,1.0,10.0
2024-02-28,PKR,,,1.0,5.0
2024-02-28,TRY,1.0,0.0,1.0,10.0
2024-03-06,BRL,1.0,0.0,1.0,10.0
2024-03-06,PKR,,,1.0,5.0
2024-03-06,TRY,1.0000000000000002,2.220446049250313e-16,1.0,10.0
2024-03-13,BRL,1.0,0.0,1.0,10.0
2024-03-13,PKR,,,1.0,5.0
2024-03-13,TRY,1.0,0.0,1.0,10.0
2024-03-20,BRL,1.0,0.0,1.0,10.0
2024-03-20,PKR,,,1.0,5.0
2024-03-20,TRY,1.0,0.0,1.0,10.0
2024-03-27,BRL,1.0,0.0,1.0,10.0
2024-03-27,PKR,,,1.0,5.0
2024-03-27,TRY,1.0,0.0,1.0,10.0
2024-04-03,BRL,1.0,0.0,1.0,10.0
2024-04-03,PKR,,,1.0,5.0
2024-04-03,TRY,0.9999999999999999,1.1102230246251565e-16,1.0,10.0
2024-04-10,BRL,1.0,0.0,1.0,10.0
2024-04-10,PKR,,,1.0,5.0
2024-04-10,TRY,1.0,0.0,1.0,10.0
2024-04-17,BRL,1.0,0.0,1.0,10.0
2024-04-17,PKR,,,1.0,5.0
2024-04-17,TRY,1.0,0.0,1.0,10.0
2024-04-24,BRL,1.0,0.0,1.0,10.0
2024-04-24,PKR,,,1.0,5.0
2024-04-24,TRY,1.0,0.0,1.0,10.0
2024-05-01,BRL,1.0,0.0,1.0,10.0
2024-05-01,PKR,,,1.0,5.0
2024-05-01,TRY,1.0,0.0,1.0,10.0
2024-05-08,BRL,1.0,0.0,1.0,10.0
2024-05-08,PKR,,,1.0,5.0
2024-05-08,TRY,0.9999999999999999,1.1102230246251565e-16,1.0,10.0
2024-05-15,BRL,1.0,0.0,1.0,10.0
2024-05-15,PKR,,,1.0,5.0
2024-05-15,TRY,1.0,0.0,1.0,10.0
2024-05-22,BRL,1.0,0.0,1.0,10.0
2024-05-22,PKR,,,1.0,5.0
2024-05-29,BRL,1.0,0.0,1.0,10.0
2024-05-29,PKR,,,1.0,5.0
2024-06-05,BRL,1.0,0.0,1.0,10.0
2024-06-05,PKR,,,1.0,5.0
2024-06-12,BRL,1.0,0.0,1.0,10.0
2024-06-12,PKR,,,1.0,5.0
2024-06-19,BRL,1.0,0.0,1.0,10.0
2024-06-19,PKR,,,1.0,5.0
2024-06-26,BRL,1.0,0.0,1.0,10.0
2024-06-26,PKR,,,1.0,5.0
2024-07-03,BRL,1.0,0.0,1.0,10.0
2024-07-10,BRL,1.0,0.0,1.0,10.0
2024-07-17,BRL,1.0,0.0,1.0,10.0
2024-07-17,PKR,,,1.0,5.0
2024-07-24,BRL,1.0,0.0,1.0,10.0
2024-07-24,PKR,,,1.0,5.0
2024-07-31,BRL,0.9999999999999999,1.1102230246251565e-16,1.0,10.0
2024-07-31,PKR,,,1.0,5.0
2024-08-07,BRL,1.0,0.0,1.0,10.0
2024-08-07,PKR,,,1.0,5.0
2024-08-14,BRL,1.0,0.0,1.0,10.0
2024-08-14,PKR,,,1.0,5.0
2024-08-21,BRL,1.0,0.0,1.0,10.0
2024-08-21,PKR,,,1.0,5.0
2024-08-28,BRL,1.0,0.0,1.0,10.0
2024-08-28,PKR,,,1.0,5.0
2024-09-04,BRL,1.0,0.0,1.0,10.0
2024-09-04,PKR,,,1.0,5.0
2024-09-11,BRL,1.0,0.0,1.0,10.0
2024-09-11,PKR,,,1.0,5.0
2024-09-18,BRL,1.0,0.0,1.0,10.0
2024-09-18,PKR,,,1.0,5.0
2024-09-25,BRL,0.9999999999999999,1.1102230246251565e-16,1.0,10.0
2024-10-02,BRL,1.0,0.0,1.0,10.0
2024-10-09,BRL,1.0,0.0,1.0,10.0
2024-10-16,BRL,1.0,0.0,1.0,10.0
2024-10-23,BRL,1.0,0.0,1.0,10.0
2024-10-30,BRL,1.0,0.0,1.0,10.0
2024-11-06,BRL,1.0,0.0,1.0,10.0
2024-11-13,BRL,1.0,0.0,1.0,10.0
2024-11-13,PKR,,,1.0,5.0
2024-11-20,BRL,1.0,0.0,1.0,10.0
2024-11-27,BRL,1.0,0.0,1.0,10.0
2024-12-04,BRL,1.0,0.0,1.0,10.0
2024-12-11,BRL,1.0,0.0,1.0,10.0
2024-12-18,BRL,1.0,0.0,1.0,10.0
2024-12-25,BRL,1.0,0.0,1.0,10.0
2025-01-01,BRL,1.0,0.0,1.0,10.0
2025-01-08,BRL,1.0,0.0,1.0,10.0
2025-01-15,BRL,0.9999999999999999,1.1102230246251565e-16,1.0,10.0
2025-01-22,BRL,1.0,0.0,1.0,10.0
2025-01-29,BRL,1.0,0.0,1.0,10.0
2025-02-05,BRL,1.0,0.0,1.0,10.0
2025-02-12,BRL,1.0,0.0,1.0,10.0
2025-02-12,TRY,1.0,0.0,1.0,10.0
2025-02-19,BRL,1.0,0.0,1.0,10.0
2025-02-19,TRY,1.0,0.0,1.0,10.0
2025-02-26,BRL,1.0,0.0,1.0,10.0
2025-02-26,TRY,1.0,0.0,1.0,10.0
2025-03-05,BRL,0.9999999999999999,1.1102230246251565e-16,1.0,10.0
2025-03-05,TRY,1.0,0.0,1.0,10.0
2025-03-12,BRL,1.0,0.0,1.0,10.0
2025-03-12,TRY,1.0,0.0,1.0,10.0
2025-03-19,BRL,1.0,0.0,1.0,10.0
2025-03-19,TRY,1.0,0.0,1.0,10.0
2025-03-26,BRL,1.0,0.0,1.0,10.0
2025-03-26,TRY,1.0,0.0,1.0,10.0
2025-04-02,BRL,1.0,0.0,1.0,10.0
2025-04-02,TRY,1.0,0.0,1.0,10.0
2025-04-09,BRL,1.0,0.0,1.0,10.0
2025-04-09,TRY,0.9999999999999999,1.1102230246251565e-16,1.0,10.0
2025-04-16,BRL,1.0,0.0,1.0,10.0
2025-04-16,TRY,0.9999999999999999,1.1102230246251565e-16,1.0,10.0
2025-04-23,BRL,1.0,0.0,1.0,10.0
2025-04-23,TRY,1.0,0.0,1.0,10.0
2025-04-30,BRL,1.0,0.0,1.0,10.0
2025-04-30,TRY,1.0,0.0,1.0,10.0
2025-05-07,BRL,1.0,0.0,1.0,10.0
2025-05-07,TRY,1.0,0.0,1.0,10.0
2025-05-14,BRL,1.0,0.0,1.0,10.0
2025-05-14,TRY,1.0,0.0,1.0,10.0
2025-05-21,BRL,1.0,0.0,1.0,10.0
2025-05-21,TRY,1.0,0.0,1.0,10.0
2025-05-28,BRL,0.9999999999999999,1.1102230246251565e-16,1.0,10.0
2025-05-28,TRY,1.0,0.0,1.0,10.0
2025-06-04,BRL,1.0,0.0,1.0,10.0
2025-06-04,TRY,1.0000000000000002,2.220446049250313e-16,1.0,10.0
2025-06-11,BRL,1.0,0.0,1.0,10.0
2025-06-11,TRY,1.0,0.0,1.0,10.0
2025-06-18,BRL,1.0,0.0,1.0,10.0
2025-06-18,TRY,1.0,0.0,1.0,10.0
2025-06-25,BRL,1.0,0.0,1.0,10.0
2025-06-25,TRY,1.0,0.0,1.0,10.0
2025-07-02,BRL,1.0,0.0,1.0,10.0
2025-07-02,TRY,0.9999999999999999,1.1102230246251565e-16,1.0,10.0
2025-07-09,BRL,0.9999999999999998,2.220446049250313e-16,1.0,10.0
2025-07-09,TRY,1.0,0.0,1.0,10.0
2025-07-16,BRL,1.0,0.0,1.0,10.0
2025-07-16,TRY,1.0,0.0,1.0,10.0
2025-07-23,BRL,1.0,0.0,1.0,10.0
2025-07-23,TRY,1.0,0.0,1.0,10.0
2025-07-30,BRL,0.9999999999999999,1.1102230246251565e-16,1.0,10.0
2025-07-30,TRY,1.0,0.0,1.0,10.0
2025-08-06,BRL,1.0,0.0,1.0,10.0
2025-08-06,TRY,1.0,0.0,1.0,10.0
2025-08-13,BRL,1.0,0.0,1.0,10.0
2025-08-13,TRY,1.0,0.0,1.0,10.0
2025-08-20,BRL,1.0,0.0,1.0,10.0
2025-08-20,TRY,1.0,0.0,1.0,10.0
2025-08-27,BRL,1.0,0.0,1.0,10.0
2025-08-27,TRY,1.0,0.0,1.0,10.0
2025-09-03,BRL,1.0,0.0,1.0,10.0
2025-09-03,TRY,1.0,0.0,1.0,10.0
2025-09-10,BRL,1.0,0.0,1.0,10.0
2025-09-10,TRY,1.0,0.0,1.0,10.0
2025-09-17,BRL,1.0,0.0,1.0,10.0
2025-09-17,TRY,1.0,0.0,1.0,10.0
2025-09-24,BRL,1.0,0.0,1.0,10.0
2025-09-24,TRY,1.0,0.0,1.0,10.0
2025-10-01,BRL,1.0,0.0,1.0,10.0
2025-10-01,TRY,1.0,0.0,1.0,10.0
2025-10-08,BRL,1.0,0.0,1.0,10.0
2025-10-08,TRY,1.0,0.0,1.0,10.0
2025-10-15,BRL,1.0,0.0,1.0,10.0
2025-10-15,TRY,1.0,0.0,1.0,10.0
2025-10-22,BRL,1.0,0.0,1.0,10.0
2025-10-22,TRY,0.9999999999999999,1.1102230246251565e-16,1.0,10.0
2025-10-29,BRL,1.0,0.0,1.0,10.0
2025-10-29,TRY,0.9999999999999999,1.1102230246251565e-16,1.0,10.0
2025-11-05,BRL,1.0,0.0,1.0,10.0
2025-11-05,TRY,0.9999999999999999,1.1102230246251565e-16,1.0,10.0
2025-11-12,BRL,1.0,0.0,1.0,10.0
2025-11-12,TRY,1.0,0.0,1.0,10.0
2025-11-19,BRL,1.0,0.0,1.0,10.0
2025-11-19,TRY,1.0,0.0,1.0,10.0
2025-11-26,BRL,1.0,0.0,1.0,10.0
2025-11-26,TRY,1.0,0.0,1.0,10.0
2025-12-03,BRL,1.0,0.0,1.0,10.0
2025-12-03,TRY,1.0,0.0,1.0,10.0
2025-12-10,BRL,1.0,0.0,1.0,10.0
2025-12-10,TRY,0.9999999999999999,1.1102230246251565e-16,1.0,10.0
2025-12-17,BRL,1.0,0.0,1.0,10.0
2025-12-17,TRY,1.0,0.0,1.0,10.0
2025-12-24,TRY,1.0,0.0,1.0,10.0
