date0,date1,n_ccy_available,n_ccy_active,port_ret,active_positions,wealth,drawdown,port_ret_equity_fixed,wealth_equity_fixed,drawdown_equity_fixed
2019-01-02,2019-01-09,2,1,-0.013051752587709575,1,0.9869482474122904,0.0,0.0,1.0,0.0
2019-01-09,2019-01-16,3,3,-0.000174545550271403,3,0.9867759799873563,-0.00017454555027140994,-0.01115222887839647,0.9888477711216035,-0.011152228878396508
2019-01-16,2019-01-23,3,3,-0.0624352409885518,3,0.9251663838751314,-0.0625988887453286,-0.019232399589177315,0.9698298556545254,-0.030170144345474603
2019-01-23,2019-01-30,3,3,0.058281196879642554,3,0.979086188040185,-0.007966030025099213,0.01791357924283212,0.9872029796258572,-0.012797020374142765
2019-01-30,2019-02-06,3,3,0.11474336920751553,3,1.0914298360004588,0.0,0.027486573106855806,1.0143378064966493,0.0
2019-02-06,2019-02-13,3,3,-0.021326472841919863,3,1.068153487244134,-0.021326472841919797,-0.00816116083526751,1.0060596325165376,-0.008161160835267522
2019-02-13,2019-02-20,3,3,-0.08098943943078102,3,0.9816443350861976,-0.1005886931921981,-0.011453623277280108,0.9945366044912144,-0.019521309250835173
2019-02-20,2019-02-27,3,3,-0.02369524360354105,3,0.9583840334342941,-0.12190046320678816,-0.017139679263221567,0.9774905660747015,-0.036326399534699294
2019-02-27,2019-03-06,3,3,-0.017226093275117534,3,0.9418748206809716,-0.13702668773242543,-0.003338402118166815,0.9742273094984296,-0.039543529523714094
2019-03-06,2019-03-13,3,3,0.0077859235078847665,3,0.9492081859887963,-0.13030764353376423,0.00601245694413241,0.9800848092505869,-0.03376882634826206
2019-03-13,2019-03-20,3,2,-0.02647959475535434,2,0.924073537885348,-0.15333674469481928,-0.010591837902141736,0.9697039098206532,-0.04400299031557742
2019-03-20,2019-03-27,2,2,-0.06617881472100784,2,0.8629194464330473,-0.20936791539874622,-0.026471525888403135,0.9440343676677501,-0.06930968990667452
2019-03-27,2019-04-03,2,2,0.0693633464030535,2,0.9227744269139139,-0.15452702823718123,0.0277453385612214,0.9702269208121204,-0.0434873721574871
2019-04-03,2019-04-10,3,3,0.031070359572023615,3,0.9514453601619972,-0.1282578789960831,0.018642215743214167,0.9883141003897743,-0.025655857388138248
2019-04-10,2019-04-17,3,3,-0.045032385952774125,3,0.908599505490206,-0.16751450664042133,-0.027019431571664476,0.9616104151829816,-0.051982082276691544
2019-04-17,2019-04-24,3,3,0.013967428787793496,3,0.9212903043797649,-0.15588682479505023,0.008380457272676098,0.9696691501803828,-0.04403725862348018
2019-04-24,2019-05-01,3,3,-0.08091094774605319,3,0.8467478327031482,-0.224184821805813,-0.04854656864763191,0.9225950402156599,-0.09044596947229389
2019-05-01,2019-05-08,3,3,-0.0994208045931634,3,0.7625634818882839,-0.30131699103746756,-0.05965248275589804,0.8675599554885182,-0.1447031255939054
2019-05-08,2019-05-15,3,3,0.08944961260727173,3,0.8307744899316432,-0.23882006655048604,0.053669767564363036,0.914121696647736,-0.09879954114600409
2019-05-15,2019-05-22,4,4,-0.04157412828543968,4,0.7962357647109543,-0.27046545875201866,0.018069132452598495,0.930639082662258,-0.08251563068862877
2019-05-22,2019-05-29,4,4,0.0635227851404245,4,0.8468148781138098,-0.22412339283580496,0.03920939903299362,0.9671288818100616,-0.04654161994576467
2019-05-29,2019-06-05,4,4,0.42307846700683915,4,1.205084018584784,0.0,0.31284221498059606,1.2696876233672283,0.0
2019-06-05,2019-06-12,4,4,-0.19142407715000934,4,0.9744019224389671,-0.1914240771500093,-0.1219766626285784,1.1148153644880823,-0.12197666262857843
2019-06-12,2019-06-19,4,4,0.02189621556077711,4,0.9957376369755263,-0.17371932444603155,0.040844238884646535,1.1603491495475078,-0.08611446769068554
2019-06-19,2019-06-26,4,4,0.10948939022103976,4,1.104760343668116,-0.08325035712819862,0.0952397266678336,1.2708604853896655,0.0
2019-06-26,2019-07-03,4,4,0.10031138433953747,4,1.215580383104888,0.0,0.06649087900744556,1.3553611161590533,0.0
2019-07-03,2019-07-10,4,4,0.046162997440949316,4,1.271695217219427,0.0,0.03925853395397495,1.408570606557681,0.0
2019-07-10,2019-07-17,4,3,0.052326780490574896,3,1.338238933701782,0.0,0.03515484676952008,1.4580886903952666,0.0
2019-07-17,2019-07-24,3,3,0.025006202595498104,3,1.371703207599112,0.0,0.01975822584300544,1.486897936039228,0.0
2019-07-24,2019-07-31,3,3,0.1922559069016633,3,1.6354212517759998,0.0,0.0981726657914536,1.6328706701800095,0.0
2019-07-31,2019-08-07,3,3,-0.03884525819740677,3,1.571892890989235,-0.03884525819740681,-0.028248317165370285,1.5867448215987339,-0.02824831716537035
2019-08-07,2019-08-14,3,3,0.04775520716220963,3,1.6469589616352305,0.0,0.01720312775095962,1.6140417954728705,-0.011531148823356152
2019-08-14,2019-08-21,3,3,-0.09355257870221961,3,1.4928817037575248,-0.09355257870221956,-0.06340056963295247,1.5117106262284972,-0.07420063705238555
2019-08-21,2019-08-28,3,3,-0.10063920122454084,3,1.3426392815686359,-0.184776723133673,-0.06217024061535131,1.4177272128550882,-0.13175780620837763
2019-08-28,2019-09-04,3,3,0.17656214012642235,3,1.5796985465401965,-0.0408391566892794,0.06265720353394169,1.5065580353865573,-0.0773561783552199
2019-09-04,2019-09-11,3,3,-0.02187636238298472,3,1.545140488680209,-0.06182210688111389,-0.002567981063929945,1.502689222879973,-0.07972551021795571
2019-09-11,2019-09-18,3,3,0.0394367611639138,3,1.6060758250969833,-0.024823409380920536,0.02032639008968845,1.533233470207802,-0.0610196519490569
2019-09-18,2019-09-25,3,2,-0.010819158985868566,2,1.588699435401899,-0.0353739999541256,-0.012541778277477902,1.5140039959768479,-0.07279613528122086
2019-09-25,2019-10-02,2,2,0.09270183336407692,2,1.7359747857281291,0.0,0.0160561894396822,1.538313130948688,-0.05790877438009068
2019-10-02,2019-10-09,2,2,0.08948226014844607,2,1.8913137331157968,0.0,0.02880549261496048,1.5826249984817273,-0.030771372537877095
2019-10-09,2019-10-16,2,2,-0.180821151596467,2,1.5493242058635852,-0.18082115159646706,-0.046060049849342186,1.509729212158844,-0.07541409143419198
2019-10-16,2019-10-23,1,1,0.10349251101471157,1,1.7096676583042816,-0.09604227560504563,0.020698502202942316,1.54097834558256,-0.05627654796893322
2019-10-23,2019-10-30,1,1,0.13325887402960146,1,1.9374960454147356,0.0,0.026651774805920292,1.582048153429826,-0.031124643046335554
2019-10-30,2019-11-06,2,1,-0.012296160523374565,1,1.9136722830269126,-0.012296160523374566,-0.002459232104674913,1.5781575298197699,-0.03350733242958426
2019-11-06,2019-11-13,2,1,-0.22561691636449238,1,1.4819154435981825,-0.23513885506746035,-0.04512338327289848,1.5069457227367018,-0.07711875149881009
2019-11-13,2019-11-20,2,1,-0.06043626648630854,1,1.3923540069387066,-0.28136420704762644,-0.012087253297261707,1.4887308880807582,-0.0882738509127372
2019-11-20,2019-11-27,2,2,-0.03705007944428362,2,1.3407671803670609,-0.30798972026801763,-0.01789786159817595,1.462085788688959,-0.104591799344539
2019-11-27,2019-12-04,3,3,0.039724651346541316,3,1.3940286891440274,-0.2804998531774422,0.024047295530754888,1.4972449977408795,-0.08305965372271551
2019-12-04,2019-12-11,3,3,-0.012095571923584831,3,1.3771671148709452,-0.2892026189523642,-0.006219842234097793,1.4879323700691391,-0.08876287801463922
2019-12-11,2019-12-18,3,3,0.011061541847288142,3,1.3924007065427992,-0.2813401039769631,-0.0019029863878125331,1.485100855022912,-0.09049694985384682
2019-12-18,2019-12-25,3,3,0.0608673321127595,3,1.4771524227819808,-0.2375971934096076,0.022700674834116922,1.5188136466286561,-0.06985061685184146
2019-12-25,2020-01-01,3,3,-0.04557380218317561,3,1.409832970471716,-0.27234278810105617,-0.009070856307066418,1.505036706282876,-0.07828786825048484
2020-01-01,2020-01-08,3,3,0.003743741242384849,3,1.415111020308145,-0.2696186277865513,-0.0033409770653206857,1.5000084131647191,-0.08136728734348786
2020-01-08,2020-01-15,3,3,0.12341145559806051,3,1.5897519311572297,-0.17948119949998076,0.0657140953481676,1.5985801090504792,-0.021000169674031843
2020-01-15,2020-01-22,3,3,-0.034049349208076334,3,1.5356219124990433,-0.20741933066999785,-0.018812736296460776,1.5685064430101452,-0.039417835316233996
2020-01-22,2020-01-29,3,3,0.04646993387113776,3,1.606982161223944,-0.17058815937869054,0.024074560875594803,1.6062675468561556,-0.01629224151654407
2020-01-29,2020-02-05,3,3,-0.037788635876743124,3,1.5462564974730308,-0.2019305014157885,-0.021882715983539636,1.5711180503347253,-0.037818439006242044
2020-02-05,2020-02-12,3,3,-0.056763027249436354,3,1.4584862977723512,-0.24723134211086806,-0.039177112567629103,1.5095661816197277,-0.07551393433179165
2020-02-12,2020-02-19,3,3,-0.06361899487736572,3,1.3656988654656639,-0.2951217275009582,-0.035476854391092064,1.4560115220006877,-0.10831179187009632
2020-02-19,2020-02-26,3,3,-0.06922882151947837,3,1.2711531424589873,-0.3439196196207527,-0.05130158526368681,1.3813158227598592,-0.1540568105080965
2020-02-26,2020-03-04,3,3,0.14089131620021336,3,1.4502475817920715,-0.25148359129598374,0.05540718983359318,1.4578506507716609,-0.10718547561948322
2020-03-04,2020-03-11,3,3,-0.20508079028278034,3,1.1528296616124623,-0.404989927932632,-0.10117681936321873,1.3103499588199856,-0.1975176094775889
2020-03-11,2020-03-18,3,3,0.032992310384567666,3,1.1908641756289169,-0.3853591709530414,-0.0395120026464915,1.2585754077792604,-0.2292252958156732
2020-03-18,2020-03-25,3,3,0.08134729176136836,3,1.2877377511719639,-0.33535980410410904,0.014809144216646999,1.2772138325005886,-0.21781078206286408
2020-03-25,2020-04-01,3,3,-0.3562352184635473,3,0.8290002120594622,-0.5721280494887366,-0.16031860695785638,1.0724526900867895,-0.34321026786000075
2020-04-01,2020-04-08,3,3,-0.055858064512198956,3,0.7826938647336181,-0.5960281485033552,-0.03766058819891159,1.0320634909626158,-0.36794535549539875
2020-04-08,2020-04-15,3,3,-0.024843438958838577,3,0.7632490574816511,-0.6060641985371011,-0.01998693181541394,1.011435708339568,-0.38057818857872794
2020-04-15,2020-04-22,3,3,0.322064387532551,3,1.009064397714276,-0.4791915059118079,0.12110883609790561,1.1339295097644337,-0.3055607339438413
2020-04-22,2020-04-29,3,3,-0.10546235890054005,3,0.9026460860487757,-0.5341171982337866,-0.06187073501253184,1.0637724575429084,-0.348526201756299
2020-04-29,2020-05-06,3,3,-0.0029040332592669923,3,0.9000247717935429,-0.5354701373850361,-0.03087330344894864,1.0309302876605524,-0.3686393500185159
2020-05-06,2020-05-13,3,3,-0.04382598360635714,3,0.8605803008996038,-0.5558286155286629,-0.03154341334575135,0.9984112274662212,-0.38855461997112406
2020-05-13,2020-05-20,3,3,0.11726313994625925,3,0.9614946491589881,-0.5037436843112767,0.07335247841065043,1.0716471654738884,-0.3437035859332639
2020-05-20,2020-05-27,3,3,0.1578386823017009,3,1.1132556976223789,-0.4254152413590717,0.10223301901833733,1.1812048905227277,-0.27660842215231274
2020-05-27,2020-06-03,3,3,-0.04007968429258047,3,1.0686367607247576,-0.4484444170847287,0.019260438440250792,1.203955414601964,-0.2626755831989813
2020-06-03,2020-06-10,3,3,0.047149446450171995,3,1.1190223924492348,-0.42243887666377167,0.03380591418835745,1.2446562280346063,-0.23774965723562547
2020-06-10,2020-06-17,3,3,-0.06488529142441475,3,1.0464142984047204,-0.45991409846685516,-0.046102805679555235,1.1872740838156786,-0.27289153666726584
2020-06-17,2020-06-24,3,3,-0.0034295259870179002,3,1.0428255933751545,-0.46176633710138504,0.01154714496110808,1.2009837097700649,-0.2644955098387143
2020-06-24,2020-07-01,3,3,-0.023455122669222922,3,1.018365991159935,-0.47439067368937726,-0.021299679584744945,1.175403141565464,-0.280161519812291
2020-07-01,2020-07-08,3,3,-0.03719552724353891,3,0.980487331191852,-0.49394098970562217,-0.011479487775145656,1.1619101155709954,-0.2884248968456852
2020-07-08,2020-07-15,2,2,0.057460527971197856,2,1.0368266509112067,-0.4648625717895253,0.022984211188479143,1.1886157030493092,-0.2720699043983227
2020-07-15,2020-07-22,2,1,0.14265943840314493,1,1.184739758651613,-0.38852016681251567,0.028531887680628986,1.222529152784144,-0.2513006846712661
2020-07-22,2020-07-29,1,1,-0.006511839853215497,1,1.1770249230755365,-0.3925020255597036,-0.0013023679706430993,1.2209369699723804,-0.2522757666791927
2020-07-29,2020-08-05,1,1,-0.1743465008962266,1,0.9718147462696665,-0.4984171717049145,-0.03486930017924532,1.1783637522664754,-0.27834838742215195
2020-08-05,2020-08-12,1,1,-0.04044129230265226,1,0.9325133020517471,-0.518701829477987,-0.008088258460530452,1.1688328416776237,-0.28418529218314015
2020-08-12,2020-08-19,1,1,-0.1529522859739242,1,0.7898832608018399,-0.5923174848943966,-0.030590457194784842,1.1330777106664256,-0.3060823913620092
2020-08-19,2020-08-26,1,1,-0.015996700744100846,1,0.7772477346560183,-0.5988390600871433,-0.003199340148820169,1.1294526096549573,-0.30830246982729803
2020-08-26,2020-09-02,1,1,0.0189743596215304,1,0.7919955126884014,-0.5912272881471257,0.00379487192430608,1.1337387376531711,-0.3056775662899337
2020-09-02,2020-09-09,1,1,0.14885285153159267,1,0.9098863031522956,-0.5303803043595232,0.029770570306318533,1.1674907864514716,-0.285007191461914
2020-09-09,2020-09-16,1,1,0.0951977544119046,1,0.9965054359825437,-0.4856735639069476,0.01903955088238092,1.1897192866848252,-0.2713940495032169
2020-09-16,2020-09-23,1,1,-0.13054284853641548,1,0.8664187777873598,-0.5528152019521173,-0.0261085697072831,1.1586574177563151,-0.2904169087509034
2020-09-23,2020-09-30,2,2,-0.09649207899894054,2,0.7828162286349364,-0.5959649928124789,-0.037849979191543814,1.1148022586041106,-0.3172746139893532
2020-09-30,2020-10-07,2,2,0.007870797580881043,2,0.7889776167135506,-0.5927849150553162,0.002215841203647759,1.117272483382645,-0.3157618029482545
2020-10-07,2020-10-14,2,2,0.08351004548107972,2,0.8548651733688531,-0.5587783647910038,0.0329292867395931,1.1540634693542096,-0.2932303271593554
2020-10-14,2020-10-21,2,2,-0.0140978908952903,2,0.8428133774245156,-0.564998659264822,-0.008384825754455663,1.144386848254092,-0.29915646771465776
2020-10-21,2020-10-28,2,2,-0.03310014917432097,2,0.8149161289056508,-0.5793972685341859,-0.02570470429850537,1.1149707227166221,-0.31717144347157233
2020-10-28,2020-11-04,2,2,0.02588426416474069,2,0.8360096332583526,-0.5685102763245132,-0.003865928261237312,1.1106603258892198,-0.31981120968583543
2020-11-04,2020-11-11,2,2,0.10149285829078221,2,0.9208586404963713,-0.5247171509455884,0.05192001575606624,1.1683258275090258,-0.28449579697562444
2020-11-11,2020-11-18,2,2,0.06261333952275756,2,0.9785166752062355,-0.49495810454840095,0.015353099654723423,1.1862632503679589,-0.27351058964321784
2020-11-18,2020-11-25,2,2,-0.071967013070527,2,0.9080957528519398,-0.5313044612395299,-0.014818757093948406,1.1686843034112784,-0.28427625974662074
2020-11-25,2020-12-02,2,2,0.11412048326131514,2,1.011728079014951,-0.4778166998537625,0.0432181579312929,1.21919268620793,-0.2533439981051746
2020-12-02,2020-12-09,3,3,-0.018605229379212645,3,0.9929046460354877,-0.4875320399309775,0.025850858393826243,1.2507098636938798,-0.23404229953129108
2020-12-09,2020-12-16,3,3,-0.022271205969550956,3,0.9707914621555073,-0.49894531942247033,-0.006429083890075423,1.242668945058047,-0.2389667058438536
2020-12-16,2020-12-23,3,3,0.06533745102691495,3,1.0342205017714399,-0.46620768376842947,0.0351655292094538,1.2863680561431667,-0.21220456730883897
2020-12-23,2020-12-30,3,3,0.019825251868199556,3,1.0547241837063144,-0.455625116653829,0.016988083768999573,1.3082209844386918,-0.19882143250544637
2020-12-30,2021-01-06,3,3,-0.07575579291613105,3,0.9748227168618235,-0.4968646675853444,-0.03265789671755322,1.2654972386451573,-0.22498623941500073
2021-01-06,2021-01-13,3,3,-0.08459643891367642,3,0.8923561864431582,-0.5394281249992732,-0.042409238411498254,1.211828464542362,-0.25785398275984184
2021-01-13,2021-01-20,3,3,-0.008585959151731494,3,0.8846944526775623,-0.5433825763044657,-0.005770666125755012,1.2048354070718017,-0.2621366596418936
2021-01-20,2021-01-27,3,3,0.027816597593994036,3,0.909303642261333,-0.5306810331751208,0.006776448568245955,1.2129999122410255,-0.2571365666655626
2021-01-27,2021-02-03,3,3,0.07237529377400115,3,0.9751147604997662,-0.4967139350774594,0.04253445878898427,1.2645942070192828,-0.22553927257455575
2021-02-03,2021-02-10,3,3,-0.016119888748555907,3,0.9593960190434353,-0.5048268504527093,0.00044336517098005903,1.2651548840460984,-0.22519590366172337
2021-02-10,2021-02-17,3,3,-0.02685601158780092,3,0.9336304684387147,-0.5181252262949192,-0.009956358129060826,1.2525585489318052,-0.23291013072473055
2021-02-17,2021-02-24,3,3,-0.12556570530388397,3,0.8163985001760119,-0.5786321721233472,-0.0638469324144436,1.1725865279130228,-0.281886465764153
2021-02-24,2021-03-03,3,3,-0.0831528541126796,3,0.7485126347930655,-0.6136701096425512,-0.07388269192826916,1.0859526787119862,-0.3349426267836205
2021-03-03,2021-03-10,3,3,-0.12469824090644717,3,0.6551744259381203,-0.6618447673797057,-0.021704394647598265,1.0623827332046047,-0.34937729447520394
2021-03-10,2021-03-17,3,3,0.07228645177087327,3,0.7025346604802057,-0.6374007254658304,0.030164322737988174,1.0944287888402544,-0.329751701205091
2021-03-17,2021-03-24,3,3,-0.23210929161730764,3,0.5394698380995394,-0.7215633862189061,0.00442520153716579,1.0992718567989488,-0.326785717402981
2021-03-24,2021-03-31,3,3,-0.04469214612231046,3,0.5153597732666156,-0.7340073160478121,-0.03991347627374446,1.055396095624209,-0.35365603969856296
2021-03-31,2021-04-07,3,3,0.07487174272185486,3,0.5539456576198272,-0.7140919802490482,0.01983469905752437,1.0763295595674014,-0.3408360017583355
2021-04-07,2021-04-14,3,3,-0.012180088014988072,3,0.5471985507544972,-0.7175743650938058,-0.01852206947769141,1.056393708684201,-0.3530450831309604
2021-04-14,2021-04-21,3,3,0.018986031659481897,3,0.5575876797631447,-0.7122122230480274,0.016984820725726713,1.0743363664419878,-0.34205666985031236
2021-04-21,2021-04-28,3,3,0.018291713470378737,3,0.5677869138359856,-0.7069480914917448,0.01981037352710627,1.0956193711549578,-0.3290225667203788
2021-04-28,2021-05-05,3,3,0.012240415153174507,3,0.5747368613798778,-0.7033610144701735,-0.010495537939363532,1.0841202564778993,-0.33606483582782176
2021-05-05,2021-05-12,3,3,0.012883695596304569,3,0.5821415961498716,-0.6995392080786107,0.017560817935226673,1.103158294921799,-0.32440559128899926
2021-05-12,2021-05-19,3,3,-0.0383442936409046,3,0.559819787846516,-0.7110601649116232,-0.02105460581179615,1.0799317318742074,-0.3386299652530629
2021-05-19,2021-05-26,3,2,-0.053688778342707084,2,0.529763747344963,-0.7265729916720614,-0.021475511337082833,1.0567396457230673,-0.35283322493227764
2021-05-26,2021-06-02,3,2,0.053190127800763584,2,0.557941948770453,-0.712029374154918,0.021276051120305433,1.0792228924463247,-0.33906407154257356
2021-06-02,2021-06-09,3,2,0.0484705118457037,2,0.5849856806075462,-0.6980712905236792,0.01938820473828148,1.1001470868433143,-0.32624971044275486
2021-06-09,2021-06-16,2,2,0.04706245312406402,2,0.6125165417793875,-0.6838617847871407,0.01882498124962561,1.1208573351249698,-0.31356637387491004
2021-06-16,2021-06-23,2,2,0.06412263575380622,2,0.6517927168810883,-0.6635901691651881,0.02564905430152249,1.1496062657778499,-0.2959600005240366
2021-06-23,2021-06-30,2,2,-0.059573063655116595,2,0.6129634278683899,-0.6836311334317173,-0.02382922546204664,1.1222120388780479,-0.31273672840584865
2021-06-30,2021-07-07,2,2,-0.09797406090240414,2,0.5529089116554659,-0.7146270760325029,-0.039189624360961656,1.0782329706210683,-0.339670317856709
2021-07-07,2021-07-14,2,2,0.0576182881727661,2,0.5847665766605209,-0.6981843766626388,0.023047315269106437,1.1030833458285172,-0.32445149149080377
2021-07-14,2021-07-21,2,2,0.054901584999183656,2,0.6168711885737301,-0.681614220563901,0.021960633999673462,1.1273077554573925,-0.30961601794640803
2021-07-21,2021-07-28,2,2,-0.05675594740478555,2,0.5818600798395119,-0.6996845071160078,-0.02270237896191422,1.1017151875862938,-0.32528937673622405
2021-07-28,2021-08-04,2,2,0.04039348850823753,2,0.6053634382879114,-0.6875537167053527,0.01615739540329501,1.1195160354939409,-0.3143878104133476
2021-08-04,2021-08-11,2,2,-0.13063778473969734,2,0.5262800997475722,-0.7283710070051173,-0.05225511389587893,1.061015597550942,-0.3502145534686011
2021-08-11,2021-08-18,2,2,0.007845125200948683,2,0.5304088330208596,-0.7262400435468648,0.003138050080379473,1.0643451176321208,-0.3481754941958838
2021-08-18,2021-08-25,2,2,0.1280562320812866,2,0.5983309896401432,-0.6911833750287393,0.05122249283251464,1.1188635277913541,-0.314787418119275
2021-08-25,2021-09-01,3,3,0.1142903081764582,3,0.6667144228376404,-0.6558886277907601,0.03173029964535348,1.154365402790431,-0.29304541757543323
2021-09-01,2021-09-08,4,3,-0.0299071387099543,3,0.646774902113908,-0.6661800143310945,-0.028778236167280192,1.1211448026055906,-0.31339032350798834
2021-09-08,2021-09-15,4,3,-0.03330244807035352,3,0.6252357145230516,-0.6772970370686795,-0.01625616806893423,1.1029192842648219,-0.3245519658067991
2021-09-15,2021-09-22,4,3,-0.0331685358682059,3,0.6044975612998105,-0.6880006218694432,0.004726614782516658,1.1081323588577507,-0.3213593831435597
2021-09-22,2021-09-29,4,4,-0.14836590927307425,4,0.5148107309642082,-0.734290693298417,-0.08439943828119692,1.0146066102289388,-0.37863627000104827
2021-09-29,2021-10-06,4,4,-0.03796693459620071,4,0.4952649456122678,-0.7443788611675579,-0.011618723493411764,1.002818176570101,-0.3858557233687411
2021-10-06,2021-10-13,4,4,-0.037964662943223954,4,0.4764623788845039,-0.7540834315444946,-0.03325570663634911,0.9694687494804871,-0.40627952526478306
2021-10-13,2021-10-20,4,4,-0.12941788094570816,4,0.41479962745892024,-0.7859094327234463,-0.0972351465624908,0.8752023135369973,-0.46401002264281344
2021-10-20,2021-10-27,4,4,-0.07992271696611378,4,0.3816477142358715,-0.803020132537005,-0.03470992371174898,0.8448241080017819,-0.48261419386714355
2021-10-27,2021-11-03,4,4,0.013416076722513652,4,0.3867679292510319,-0.800377435522331,0.0013681927502853797,0.8459799902216162,-0.48190631035809195
2021-11-03,2021-11-10,4,4,0.11056898337135929,4,0.4295324659889643,-0.7783053715100514,0.053121122092698134,0.8909193965701583,-0.4543845922151677
2021-11-10,2021-11-17,4,4,-0.12698797779007232,4,0.3749870067378427,-0.8064579240689114,-0.07341796794910505,0.8255099048675344,-0.49444256673645237
2021-11-17,2021-11-24,4,4,-0.2922039836912921,4,0.2654143095365717,-0.863011689667858,-0.20322155176178983,0.6577485010056265,-0.597182732828978
2021-11-24,2021-12-01,4,3,-0.032367722412644725,3,0.25682345284114816,-0.8674456892704661,-0.03212564172560051,0.636617908316769,-0.6101234960349998
2021-12-01,2021-12-08,4,3,0.06774182862739156,3,0.2742211431710082,-0.858466217869204,0.029127207843464425,0.6551608104491831,-0.598767482070728
2021-12-08,2021-12-15,4,3,-0.14374819018888257,3,0.2348023501286493,-0.8788114429010935,-0.07474071741390118,0.6061936214547382,-0.6287558883105477
2021-12-15,2021-12-22,4,3,0.24659402798570754,3,0.29270320742738337,-0.8489270684602982,0.13224312330175209,0.6863585592815128,-0.5796614074733502
2021-12-22,2021-12-29,4,3,-0.004726130256986712,3,0.29131985394244375,-0.8496410588130596,0.00343475472068768,0.6887160325830893,-0.578217647508382
2021-12-29,2022-01-05,4,3,-0.27490381285399085,3,0.21123491533359823,-0.8909753050420385,-0.14097709815136192,0.5916228448592066,-0.6376792996141052
2022-01-05,2022-01-12,4,3,0.012024161705196065,3,0.21377483811335282,-0.8896643744800043,-0.02838201682746876,0.5748313953208977,-0.6479626918293979
2022-01-12,2022-01-19,3,3,0.12309969294655555,3,0.24009045504480617,-0.8760820928574267,0.07258233468097933,0.6165540000412134,-0.6224110021075682
2022-01-19,2022-01-26,3,3,0.14671121201058945,3,0.2753144166966036,-0.857901946510724,0.059121909001049966,0.6530058495258834,-0.6000872197343742
2022-01-26,2022-02-02,3,3,0.09298004791667312,3,0.30091316435320475,-0.8446896626884253,0.05399182588312831,0.6882628276541491,-0.5784951985338347
2022-02-02,2022-02-09,3,3,-0.025310241533861962,3,0.29329697948270644,-0.8486206048384868,-0.005832996449866332,0.6842481930238675,-0.5809538345443885
2022-02-09,2022-02-16,3,3,0.0800709131135849,3,0.3167815364433431,-0.8364995184413222,0.026026630120918152,0.7020568676546064,-0.5700474749924862
2022-02-16,2022-02-23,3,3,-0.013597640112600133,3,0.31247405511647003,-0.8387227391477939,-0.00658756017390173,0.6974320257934308,-0.5728798131228942
2022-02-23,2022-03-02,3,3,-0.11027356866448325,3,0.27801642594371445,-0.8565073582463995,-0.049979883747592005,0.6625744542224276,-0.5942272304092616
2022-03-02,2022-03-09,3,3,-0.0759209468183994,3,0.2569091556550002,-0.8674014554698062,-0.047898949542436564,0.63083783387152,-0.6136633198255832
2022-03-09,2022-03-16,3,3,0.03733805538656299,3,0.2665016439381617,-0.8624504836699602,-0.007273179728578402,0.6262496369261854,-0.616473215936234
2022-03-16,2022-03-23,3,3,0.029925710579760678,3,0.2744768950036856,-0.8583342166538813,0.021971361229248344,0.6400091939187762,-0.6080466104224771
2022-03-23,2022-03-30,3,3,0.23151038964517304,3,0.33802114791458615,-0.8255371159520327,0.09659369563859795,0.7018300472020709,-0.570186384005109
2022-03-30,2022-04-06,3,3,0.04497449222656743,3,0.3532234774038861,-0.8176907363295929,0.03779408568441197,0.7283550721419207,-0.5539419713738712
2022-04-06,2022-04-13,3,3,0.047596768016093416,3,0.3700357733157167,-0.8090134045994877,0.003226155353191121,0.7307048587569354,-0.5525029188769852
2022-04-13,2022-04-20,4,4,-0.04808234239964536,4,0.35224358656303284,-0.8181964874732777,0.005711721421336941,0.7348784413513723,-0.549946940212749
2022-04-20,2022-04-27,4,4,-0.029289977199163056,4,0.3419263799440502,-0.8235215082099132,-0.04047889413544694,0.7051313747214878,-0.5681645903752113
2022-04-27,2022-05-04,4,4,0.07605200057948892,4,0.36793056518969763,-0.8100999658500261,0.018487256502417195,0.718167319313866,-0.5601811383906513
2022-05-04,2022-05-11,4,4,-0.09817827607702789,4,0.3318077765833266,-0.8287440238298392,-0.039302882806211616,0.689941273327622,-0.577467287564445
2022-05-11,2022-05-18,4,4,-0.0473944633274118,4,0.31608192508429805,-0.8368606089120361,0.037116771085008424,0.7155496656318225,-0.5617842376010468
2022-05-18,2022-05-25,5,4,0.0018030300261680995,4,0.316651830285954,-0.8365664636914537,0.02381514280877402,0.7325905831056149,-0.55134806663846
2022-05-25,2022-06-01,5,4,0.08231189736319262,4,0.34271604324031857,-0.823113939225121,0.00849667409306271,0.7388151665339101,-0.5475360173794644
2022-06-01,2022-06-08,5,4,-0.08096632521785424,4,0.3149675846259467,-0.837435753548325,-0.03259459490208309,0.7147337854732223,-0.5622838976007639
2022-06-08,2022-06-15,5,5,0.10735769828065522,5,0.3487817795444058,-0.8199832302265441,-0.011088126256306657,0.7068087270202472,-0.5671373490085851
2022-06-15,2022-06-22,5,5,-0.06604639010943938,5,0.3257460020695515,-0.8318726880292429,0.01603864080933016,0.718144978313825,-0.5601948204295593
2022-06-22,2022-06-29,4,4,0.014213877664946946,4,0.3303761158928137,-0.8294829469847541,0.0019260102139376067,0.7195281328771453,-0.559347751161564
2022-06-29,2022-07-06,4,4,-0.012105133112963521,4,0.3263768690325873,-0.831547078609534,0.00472528735289611,0.7229281100634826,-0.5572655426631026
2022-07-06,2022-07-13,4,4,-0.0589150701823167,4,0.30714835288764764,-0.8414714942956696,-0.005918324307123758,0.7186495870573908,-0.5598857887635608
2022-07-13,2022-07-20,4,4,-0.08631914222000749,4,0.28063557053209776,-0.8551555389254869,-0.01855818193726484,0.7053127572716394,-0.5680535083688625
2022-07-20,2022-07-27,4,4,0.042127802542648043,4,0.2924581304339174,-0.8490535600699435,0.015846798095701074,0.7164897061304454,-0.5612085395278373
2022-07-27,2022-08-03,4,4,0.01086636806152249,4,0.29563608812179704,-0.8474133204960871,0.016213698114048693,0.7281066539274679,-0.5540941072527192
2022-08-03,2022-08-10,4,4,0.15571071401989994,4,0.3416697944932921,-0.8236539396806071,0.08476803815420624,0.7898268265479229,-0.5162955395231323
2022-08-10,2022-08-17,4,4,-0.006164209086011162,4,0.339563670441661,-0.8247409736679102,0.006121499017395266,0.7946617506905485,-0.5133345431436134
2022-08-17,2022-08-24,4,4,0.18466779082256649,4,0.4022701433057246,-0.7923762764534492,0.16504200716461576,0.925814321041464,-0.4330142993263507
2022-08-24,2022-08-31,4,3,0.02867887509768084,3,0.41380679850111557,-0.7864218616185422,-0.0010039246900085356,0.9248848731862069,-0.43358351027013875
2022-08-31,2022-09-07,4,3,0.0995074962832254,3,0.45498367696493874,-0.7651692358073712,0.0705971560464425,0.9901791149035277,-0.3935961169574016
2022-09-07,2022-09-14,4,3,0.0846285346321729,3,0.4934882788280394,-0.7452958523471955,0.05481194156376906,1.0444527546872846,-0.36035794275602795
2022-09-14,2022-09-21,4,3,0.05364781958106377,3,0.5199628489759758,-0.7316315301873693,0.03780248103323654,1.0839356601364623,-0.33617788601900234
2022-09-21,2022-09-28,4,3,0.14404941611083985,3,0.594863193770294,-0.6929732088083003,0.057208207177957514,1.1459456759491253,-0.2982018129930676
2022-09-28,2022-10-05,4,3,-0.19702617189027802,3,0.47765957590330826,-0.7534655221445566,-0.08625243236913568,1.0471050740356198,-0.35873361365466516
2022-10-05,2022-10-12,4,3,0.06847258622263992,3,0.5103661623994171,-0.7365846688527462,0.03457330425022412,1.0833069563422066,-0.33656291577410624
2022-10-12,2022-10-19,4,3,-0.09866961451347112,3,0.46000852989474705,-0.7625757580339841,-0.037839934360056005,1.0423146922224256,-0.36166733149324093
2022-10-19,2022-10-26,4,3,-0.1191114503181561,3,0.40521624674026085,-0.7908557038352451,-0.06678062999461945,0.9727082604231642,-0.4042955892422688
2022-10-26,2022-11-02,3,3,0.01292899813741539,3,0.4104552868396162,-0.78815167761968,0.031356312339179404,1.0032088044518928,-0.3856164956767226
2022-11-02,2022-11-09,3,3,-0.007244233933449412,3,0.4074818527225289,-0.7896863564254117,-0.009733450539877266,0.9934441211725908,-0.3915965671285697
2022-11-09,2022-11-16,3,3,-0.2412337527661544,3,0.3091834762061678,-0.8404211059228331,-0.10902066834385953,0.8851381791200769,-0.4579251160029115
2022-11-16,2022-11-23,4,3,-0.049065117679859514,3,0.2940133525614441,-0.8482508631399511,-0.02943907060791571,0.859080533767199,-0.4738832967876795
2022-11-23,2022-11-30,4,3,0.00775562786984009,3,0.2962936107126748,-0.8470739533048952,0.004653376721904054,0.8630781591252722,-0.47143507756794634
2022-11-30,2022-12-07,4,3,-0.06061455642329172,3,0.27833390492827054,-0.8563434977908866,-0.02585266609419081,0.8407652876642177,-0.4850998900166841
2022-12-07,2022-12-14,4,3,-0.0369387403835156,3,0.26805260107419504,-0.8616499880303929,-0.05124530696797743,0.797680012409845,-0.5114861042106245
2022-12-14,2022-12-21,4,3,0.09920625164623931,3,0.29464509487079066,-0.8479248019276758,0.05952375098774358,0.8451609188364287,-0.48240792472360516
2022-12-21,2022-12-28,4,2,0.005787429278411901,2,0.2963503325195863,-0.8470446774738318,0.0023149717113647604,0.8471174424550862,-0.4812097137113137
2022-12-28,2023-01-04,3,2,-0.10682181399164116,2,0.26469365242281806,-0.8633836424857536,-0.04272872559665646,0.8109211937082815,-0.5033769614963537
2023-01-04,2023-01-11,3,2,0.0868357179205697,2,0.2876785157599712,-0.8515204630013108,0.03473428716822788,0.8390879633213472,-0.48612711426261024
2023-01-11,2023-01-18,3,2,-0.011053404619280251,2,0.2844986887250023,-0.8531616674014407,-0.0044213618477121006,0.8353780518134437,-0.4883991322341832
2023-01-18,2023-01-25,3,2,-0.05126302230181266,2,0.269914426100056,-0.8606890441202016,-0.020505208920725063,0.8182484503332208,-0.49888961491174544
2023-01-25,2023-02-01,4,3,-0.20297339615635965,3,0.21512897836293288,-0.8889654619569131,-0.12178403769381578,0.7185988502149335,-0.559916860938096
2023-02-01,2023-02-08,3,3,0.004294204117031302,3,0.21605278610751172,-0.8884886569865158,0.002576522470218781,0.7204503362995857,-0.5587829768415387
2023-02-08,2023-02-15,3,3,0.006091032926539582,3,0.2173687707415632,-0.887809437724538,0.0036546197559237494,0.723083308331788,-0.5571704963920538
2023-02-15,2023-02-22,3,3,0.042764155821097244,3,0.22666436272419574,-0.8830117030377337,0.025658493492658346,0.741636536693269,-0.5458081584553722
2023-02-22,2023-03-01,3,3,-0.007467802792427751,3,0.22497167796330014,-0.8838853485684699,-0.004480681675456651,0.7383134994534584,-0.5478432475169231
2023-03-01,2023-03-08,3,3,-0.04199843668383795,3,0.2155232191907017,-0.8887619824046828,0.024945465896979165,0.756731073675354,-0.5365639866677677
2023-03-08,2023-03-15,3,3,-0.11753487667429059,3,0.19019172420267647,-0.901836329084241,-0.04562717572761141,0.7222035719982245,-0.5577092630865812
2023-03-15,2023-03-22,3,3,-0.030973698120157853,3,0.18430078315227044,-0.9048768209935523,-0.016142466809691117,0.7105454248074028,-0.5648489266274399
2023-03-22,2023-03-29,3,3,-0.021305085835592357,3,0.18037423914764444,-0.906903428487239,-0.002092340333451144,0.709058721956329,-0.5657594107694018
2023-03-29,2023-04-05,3,3,-0.03240672799202722,3,0.17452890024281786,-0.9099203837572434,0.003549319009487331,0.7115753975570114,-0.5642181523913548
2023-04-05,2023-04-12,3,3,-0.14091007190038232,3,0.14993602036090775,-0.922613508958769,-0.08502394967005811,0.6510744467686724,-0.6012700462695572
2023-04-12,2023-04-19,3,3,-0.13982302457629267,3,0.12897151250111302,-0.9334339221975002,-0.10363911977214943,0.583597664199428,-0.64259406770097
2023-04-19,2023-04-26,3,3,0.007564409086044411,3,0.12994710578211735,-0.9329303891537486,0.006591822498870454,0.587444636412586,-0.6402381112352116
2023-04-26,2023-05-03,3,3,0.02896327047800304,3,0.1337107989547185,-0.9309878338739542,0.0034218994830416518,0.5894548129102419,-0.6390070422140293
2023-05-03,2023-05-10,3,3,-0.0027319364284432205,3,0.13334550955217783,-0.9311763707245997,0.0034483632763249797,0.5914874672401346,-0.6377622073553882
2023-05-10,2023-05-17,3,3,0.4698372886156393,3,0.19599620220924388,-0.8988404633531577,0.02548255159827955,0.606560077143817,-0.6285314641134749
2023-05-17,2023-05-24,3,2,0.11178421056904969,2,0.21790548294773604,-0.8875324244075596,0.0006412222282679752,0.6069490169480615,-0.6282932702311624
2023-05-24,2023-05-31,3,2,-0.18728439708097044,2,0.17709518595323162,-0.9085958464935483,-0.0058138838895794,0.6034202858366311,-0.6304543299990137
2023-05-31,2023-06-07,2,2,-0.20593875588034422,2,0.1406244236856249,-0.927419504148963,0.03436094689837219,0.6241543782356641,-0.6177563908555865
2023-06-07,2023-06-14,2,2,-0.26477946572175204,2,0.10338996391471583,-0.9466373290622204,0.0035855284307900817,0.6263923015040302,-0.6163858455275113
2023-06-14,2023-06-21,2,2,-0.09757756815716531,2,0.09330142266406079,-0.9518443287227,0.008812783540347776,0.6319125612685255,-0.6130051370211318
2023-06-21,2023-06-28,2,2,-0.31003517376297296,2,0.06437469987607612,-0.9667742806348303,0.0022877671749264934,0.6333582300836192,-0.6121197828767436
2023-06-28,2023-07-05,2,2,-0.08336302276374492,2,0.05900823030489754,-0.9695440770346108,-0.03334520910549797,0.6122387674627928,-0.6250537298246046
2023-07-05,2023-07-12,3,2,-0.18566177097672412,2,0.04805265776428786,-0.9751985776290956,-0.07426470839068965,0.5667710339316933,-0.652899005241357
2023-07-12,2023-07-19,3,2,-0.15867621088647005,2,0.04042784410722634,-0.9791339733555057,-0.06347048435458802,0.530797801889898,-0.6749296734986474
2023-07-19,2023-07-26,3,2,-0.00463130896278563,2,0.040240610270466444,-0.979230610371722,-0.0018525235851142518,0.5298144864429701,-0.675531873945312
2023-07-26,2023-08-02,3,2,0.014930501174075529,2,0.04084142274935516,-0.9789205129754922,0.005972200469630212,0.5329786447677218,-0.6735940852505081
2023-08-02,2023-08-09,3,2,-0.10296661964956066,2,0.03663611950717539,-0.9810909964983525,-0.04118664785982427,0.5110270410088673,-0.6870376507206593
2023-08-09,2023-08-16,3,2,-0.035830849843284114,2,0.03532341621027317,-0.9817685221635062,-0.014332339937313646,0.5037028277399687,-0.6915231334981111
2023-08-16,2023-08-23,3,2,0.0475196015372267,2,0.03700197087351897,-0.9809021696012812,0.01900784061489068,0.5132771308069197,-0.6856596543862623
2023-08-23,2023-08-30,3,2,0.09345623810334225,2,0.04046003587376749,-0.9791173582162813,0.0373824952413369,0.5324647107067965,-0.6739088279121965
2023-08-30,2023-09-06,3,2,-0.17458827231687496,2,0.03339618811268764,-0.9827632225667129,-0.06983530892674998,0.4952798731419948,-0.6966815056532343
2023-09-06,2023-09-13,3,2,-0.32951128522996553,2,0.022391767245894235,-0.9884429352519782,-0.1318045140919862,0.4299997501229736,-0.7366602524157226
2023-09-13,2023-09-20,2,2,0.1262176344380737,2,0.025218003138558945,-0.9869842298784353,0.05048705377522948,0.45170917063076743,-0.7233650044182798
2023-09-20,2023-09-27,2,2,-0.043346790073249486,2,0.024124883650445284,-0.9875484217335364,-0.017338716029299796,0.44387711359337,-0.7281615000504379
2023-09-27,2023-10-04,2,2,-0.08658726474991861,2,0.022035975962743194,-0.988626569837449,-0.03463490589996744,0.42850347153291446,-0.7375766009161793
2023-10-04,2023-10-11,2,2,-0.012620095297813418,2,0.02175787984611305,-0.9887701036099634,-0.005048038119125367,0.4263403696744388,-0.7389013242381048
2023-10-11,2023-10-18,2,2,-0.0851603302863459,2,0.01990497161208743,-0.9897264452956204,0.009182556882531848,0.430255264370294,-0.7365037707959674
2023-10-18,2023-10-25,2,2,0.028945127268885727,2,0.020481123548682856,-0.9894290759471983,0.014499971479928214,0.43649395343275227,-0.7326830829874403
2023-10-25,2023-11-01,2,2,-0.07468163721705554,2,0.01895155971002243,-0.9902185298623587,-0.0015838096448441967,0.4358026300993893,-0.7331064620988348
2023-11-01,2023-11-08,2,2,-0.014938377398726069,2,0.018668454158779622,-0.9903646491547892,-0.005975350959490427,0.43319855643547645,-0.7347012446566143
2023-11-08,2023-11-15,2,2,-0.04434063572658086,2,0.0178406830333468,-0.9907918867367144,-0.017736254290632344,0.425515236680202,-0.7394066508443728
2023-11-15,2023-11-22,2,2,-0.010304387456304392,2,0.017656845722886078,-0.9908867707035208,-0.004121754982521757,0.4237613671332765,-0.7404807527796671
2023-11-22,2023-11-29,2,2,-0.009100555510348175,2,0.0174961586182473,-0.9909697061526119,-0.00364022220413927,0.4222187815953815,-0.7414254605058002
2023-11-29,2023-12-06,2,2,0.03427787719869614,2,0.01809588979481249,-0.9906601668490431,0.013711150879478457,0.42800788701398534,-0.7378801059812035
2023-12-06,2023-12-13,2,2,0.03222520479031745,2,0.01867903354931334,-0.9903591888130461,0.012890081916126981,0.43352494373834405,-0.7345013590754547
2023-12-13,2023-12-20,2,2,0.026693112161197234,2,0.019177635086907927,-0.9901018455587078,0.010677244864478894,0.4381537957174978,-0.7316665650751168
2023-12-20,2023-12-27,2,2,0.041689627597283105,2,0.01997714355187771,-0.98968919518615,0.016675851038913243,0.44546038314701725,-0.7271918766855496
2023-12-27,2024-01-03,2,2,-0.04104646372042876,2,0.019157152453837763,-0.99011241726187,-0.016418585488171503,0.4381465537647243,-0.7316710001800556
2024-01-03,2024-01-10,2,2,0.05722686335266335,2,0.020253456199539676,-0.9895465819156269,0.02289074534106534,0.448176054949018,-0.7255287493775544
2024-01-10,2024-01-17,2,2,0.019377191386580003,2,0.020645911296557868,-0.9893440240327621,0.007750876554632001,0.4516498122256698,-0.7234013565961844
2024-01-17,2024-01-24,2,2,-0.04341661655242322,2,0.019749535682419873,-0.9898066704553236,-0.01736664662096929,0.44380616954031943,-0.728204947492018
2024-01-24,2024-01-31,2,2,0.04533803479737602,2,0.020644940818421442,-0.9893445249257259,0.018135213918950406,0.45185468936348305,-0.7232758860726733
2024-01-31,2024-02-07,3,3,0.035947186011998915,3,0.021387068346227944,-0.9889614905811847,0.012749303895754367,0.4576155221148998,-0.7197478462489306
2024-02-07,2024-02-14,3,3,-0.016409846557444117,3,0.021036109836352773,-0.9891426308269704,-0.0048776674680605535,0.45538342576980045,-0.721114823062136
2024-02-14,2024-02-21,3,3,0.008030598424208038,3,0.02120504238685605,-0.9890554396551984,0.0030066400449816136,0.4567525998135408,-0.7202763157212029
2024-02-21,2024-02-28,4,3,-0.04744587687567015,3,0.020198950556625912,-0.9895747139177762,-0.03175410739227924,0.44224882870735893,-0.7291586916319558
2024-02-28,2024-03-06,4,3,-0.09717662995727733,3,0.018236084612859332,-0.9905878080855872,-0.05200816154066827,0.41924828018277527,-0.743244650149447
2024-03-06,2024-03-13,3,3,-0.04329122444932349,3,0.017446622180807184,-0.9909952733983142,-0.025628887810881622,0.4085034130450659,-0.7498250042056105
2024-03-13,2024-03-20,3,3,-0.013273631871465748,3,0.0172150421405786,-0.9911147988243282,-0.011799413585401512,0.4036833123234991,-0.7527769224497145
2024-03-20,2024-03-27,3,3,0.09717077768729643,3,0.018887841173298205,-0.99025141691618,0.0569043530140413,0.426654650033833,-0.7387088531715753
2024-03-27,2024-04-03,3,3,0.015563002165263207,3,0.019181792686375394,-0.9900996996965383,0.0028204174598501996,0.42785799425811477,-0.7379719030589562
2024-04-03,2024-04-10,3,3,-0.07049066308321555,3,0.017829655400788017,-0.9907975784296522,-0.038927896269494486,0.41120238263956094,-0.7481721056363702
2024-04-10,2024-04-17,3,3,-0.09358994530194781,3,0.01616097892707569,-0.9916588325610666,-0.0734598146269437,0.3809955318367012,-0.7666713360742159
2024-04-17,2024-04-24,3,3,0.0693922161879555,3,0.017282425070592317,-0.9910800204668841,0.036875721760072,0.395045017060542,-0.7580671731846395
2024-04-24,2024-05-01,3,3,-0.010009133317764539,3,0.017109442974006482,-0.9911693017312229,-0.0008636040668545287,0.3947038545772179,-0.7582761073577828
2024-05-01,2024-05-08,3,3,0.11538018316087933,3,0.01908353363812797,-0.9901504141475329,0.061698494821781844,0.4190564883049877,-0.743362107019296
2024-05-08,2024-05-15,3,3,-0.06335253926434213,3,0.017874543324016074,-0.9907744104219888,-0.03373429937292915,0.40491991127433885,-0.7520196065315449
2024-05-15,2024-05-22,3,3,-0.0017965712053243377,3,0.017842430434171826,-0.9907909848505768,0.00861824506119825,0.4084096102998597,-0.7498824507302613
2024-05-22,2024-05-29,3,3,-0.026326312357285678,3,0.01737270503734868,-0.9910334242599035,-0.010510191402397676,0.40411714712502955,-0.7525112340461849
2024-05-29,2024-06-05,3,3,-0.04227329037954302,3,0.016638303632626687,-0.9914124709198747,-0.02549441102512004,0.3938144184739251,-0.7588208143695112
2024-06-05,2024-06-12,3,3,-0.053171706802246164,3,0.015753616630185915,-0.9918690844982789,-0.022591689107148163,0.38491748556584987,-0.7642694595503904
2024-06-12,2024-06-19,3,3,-0.007708441089494619,3,0.015632180804445645,-0.9919317611814277,-0.004678524863102194,0.3831166395393873,-0.7653723307448764
2024-06-19,2024-06-26,3,3,0.03228283149907272,3,0.0161368318633186,-0.9916712955871534,0.0008442887054216118,0.38344010059100947,-0.7651742372537449
2024-06-26,2024-07-03,3,3,0.027204259113762213,3,0.016575822418603534,-0.9914447193542244,-0.043823944428467564,0.36663624293106306,-0.7754652284307093
2024-07-03,2024-07-10,3,2,0.08825325537957995,2,0.01803869270763912,-0.9906896879865488,0.05619814910064162,0.387240521177002,-0.7628467898597798
2024-07-10,2024-07-17,3,3,-0.07601914044944165,3,0.01666740679317278,-0.9913974499031274,-0.01647979726613443,0.38085887589477274,-0.7667550266839036
2024-07-17,2024-07-24,3,3,-0.006723772304171228,3,0.01655533894499449,-0.991455291491214,-0.03018845885928655,0.36936133338862925,-0.773796332964992
2024-07-24,2024-07-31,3,3,0.004993883501254952,3,0.01663801437900958,-0.991412620212369,0.0023194430584412068,0.3702180459694141,-0.7732716664396937
2024-07-31,2024-08-07,3,3,0.03471816849484993,3,0.01721565576563977,-0.9911144821139727,0.0032036001043402587,0.3714040765401104,-0.772545319526643
2024-08-07,2024-08-14,3,3,0.010915082236141274,3,0.017403566064070827,-0.991017495955536,0.034413366072081585,0.3841853409867486,-0.764717838342705
2024-08-14,2024-08-21,3,3,-0.04238624657289125,3,0.01666589422163152,-0.9913982305868067,-0.01615049957206622,0.377980555801548,-0.768517762793866
2024-08-21,2024-08-28,3,3,-0.07885986768107939,3,0.015351624008526792,-0.9920765649845542,-0.02655367127643609,0.3679437843739091,-0.7746644660269717
2024-08-28,2024-09-04,3,3,0.005059282857563036,3,0.015429292216708884,-0.9920364780856076,-0.017706048368280193,0.3614289539309766,-0.7786542678905903
2024-09-04,2024-09-11,3,3,0.014701284288594033,3,0.015656122627958513,-0.9919194040860057,0.0014365867503465153,0.3619481779773855,-0.7783362855445962
2024-09-11,2024-09-18,3,3,0.07365949520481253,3,0.01680934471759858,-0.9913241914700268,0.027388448458832877,0.3718613769946876,-0.7722652603260409
2024-09-18,2024-09-25,4,4,-0.01951199493291671,4,0.016481360868643147,-0.9914934738021025,-0.013916315969004481,0.36668643657576044,-0.7754344889204627
2024-09-25,2024-10-02,4,3,0.028806831440442552,3,0.01695613665309526,-0.991248427735776,0.012780897059399634,0.3713730181747133,-0.7725643402402637
2024-10-02,2024-10-09,3,3,-0.029497431389028675,3,0.016455974175547585,-0.9915065766381861,-0.01218751864506835,0.36684690259143365,-0.7753362165841389
2024-10-09,2024-10-16,3,3,-0.07485145331784819,3,0.01522422059274687,-0.9921423217204616,-0.02493307821626598,0.3577002800757265,-0.7809377762684088
2024-10-16,2024-10-23,3,3,-0.05497407779254687,3,0.014387283105550309,-0.9925742903374698,-0.03441825931487689,0.34538885907907607,-0.7884775166908963
2024-10-23,2024-10-30,3,3,-0.026278442992117252,3,0.014009207706649653,-0.9927694264255126,-0.008158449618486129,0.34257102147349305,-0.7902032122141507
2024-10-30,2024-11-06,3,3,-0.024193432394389064,3,0.01367027688709987,-0.9929443588184595,-0.015791894736867026,0.33716117596248263,-0.7935163010029976
2024-11-06,2024-11-13,3,3,0.07426530287793279,3,0.014685504140545546,-0.9924203694891145,0.03072197022119686,0.34751943157014575,-0.7871727149512491
2024-11-13,2024-11-20,4,4,0.02036640505249123,4,0.014984595066271934,-0.9922659996639815,0.001261913736827299,0.34795797111465854,-0.7869041452766745
2024-11-20,2024-11-27,4,3,0.07132231876972489,3,0.01605333113222383,-0.9917143928266509,-0.007835168398719932,0.3452316618152983,-0.7885737871835008
2024-11-27,2024-12-04,3,3,-0.12242253428219245,3,0.014088041651345772,-0.992728737854879,-0.0652470721681797,0.32270630666209493,-0.8023687285493839
2024-12-04,2024-12-11,3,3,-0.010580522039566656,3,0.013938982816159375,-0.9928056716042609,0.004483742973624449,0.32415323879713537,-0.8014826007246487
2024-12-11,2024-12-18,3,3,-0.09249220914404903,3,0.012649735502271857,-0.9934710909308906,-0.05877296555410009,0.30510179165906137,-0.8131500569941484
2024-12-18,2024-12-25,3,3,-0.003145705715574478,3,0.012609943157001854,-0.9934916289574658,0.003911810866615828,0.30629529216309725,-0.8124191353566717
2024-12-25,2025-01-01,3,3,0.00476572485458773,3,0.012670038676520117,-0.9934606118518254,-0.00977692029212201,0.30330066750576645,-0.8142530985186167
2025-01-01,2025-01-08,3,3,0.10950978473867708,3,0.014057531884616548,-0.9927444848633963,0.03473513789883544,0.3138358580163881,-0.8078011542813796
2025-01-08,2025-01-15,3,3,0.10206296329709112,3,0.015492285245403855,-0.9920039654883076,0.040465294390019405,0.32653531840116556,-0.8000237714079537
2025-01-15,2025-01-22,3,3,0.05852634005389765,3,0.01639899199988834,-0.9915359868533935,-0.009092811542878672,0.32356619428884986,-0.8018421175675967
2025-01-22,2025-01-29,3,3,0.017934065625658573,3,0.01669309259860899,-0.9913841926861658,0.01884631429232862,0.32966422448079014,-0.7981075718357734
2025-01-29,2025-02-05,3,3,0.008176424412899496,3,0.016829582408459047,-0.9913137461889082,0.03523483122014878,0.341279887789692,-0.7909939262047809
2025-02-05,2025-02-12,3,3,-0.033528199216253586,3,0.016265316816741874,-0.9916049806371294,-0.007917434659574275,0.33857782657749025,-0.7926487181375087
2025-02-12,2025-02-19,3,3,0.02003865080348868,3,0.016591251820640675,-0.9914367557756283,0.015822503015252575,0.34393497525941025,-0.7893679018550229
2025-02-19,2025-02-26,3,3,-0.008407154396304548,3,0.01645176660495658,-0.9915087482919559,-0.008883351669687031,0.3408796799226758,-0.7912390208557688
2025-02-26,2025-03-05,3,3,-0.08173662480919157,3,0.015107054730518859,-0.9922027945469767,-0.0390631784575155,0.3275638361533156,-0.7993938882390456
2025-03-05,2025-03-12,3,3,-0.01357159336290431,3,0.014902027926805117,-0.9923086150487521,-0.009020294027005696,0.32460911403859877,-0.8012034143507437
2025-03-12,2025-03-19,3,3,-0.05118439937741324,3,0.014139276577866159,-0.9927022939678622,-0.034421669795546304,0.3134355263025373,-0.8080463247784444
2025-03-19,2025-03-26,3,3,-0.13994228880119386,3,0.012160593851566457,-0.9937235516529979,-0.0812378099291807,0.287972710591719,-0.8236402209613009
2025-03-26,2025-04-02,3,3,-0.029663670614794982,3,0.011799866001073288,-0.9939097341493941,0.0013515458190225065,0.28836191890471186,-0.8234018626392974
2025-04-02,2025-04-09,3,3,-0.21416683697256356,3,0.00927272602292333,-0.9952140671229404,-0.06806517836492211,0.26873451346081145,-0.8354220463576666
2025-04-09,2025-04-16,3,3,-0.030591036348890977,3,0.008989063724102776,-0.9953604737695458,-0.04043050315269381,0.2578694418670965,-0.8420760158312669
2025-04-16,2025-04-23,3,3,0.15082945464253705,3,0.010344879303356211,-0.9946606965584067,0.06215825509881284,0.27389815641686,-0.8322597365370858
2025-04-23,2025-04-30,3,3,0.031347475046798745,3,0.010669165149180315,-0.9944933228770041,0.012092508032409474,0.277210272073393,-0.8302313360538021
2025-04-30,2025-05-07,3,3,0.031930665615266494,3,0.011009838693952846,-0.9943174910111385,0.0019374773257503281,0.2777473606900003,-0.8299024131167834
2025-05-07,2025-05-14,3,3,0.030007673031015165,3,0.011340218333605203,-0.994146972139405,0.022355264192994127,0.28395647631713206,-0.8260998366234183
2025-05-14,2025-05-21,3,3,0.0570552827893244,3,0.011987237697521731,-0.9938130259796449,0.013265968712078594,0.28772343404754724,-0.8237928824970392
2025-05-21,2025-05-28,3,3,0.00595355822804058,3,0.012058604415147289,-0.9937761914695593,0.005973202674397268,0.2894420644332868,-0.8227403616715228
2025-05-28,2025-06-04,3,3,0.0028263169000738602,3,0.012092685852597125,-0.9937586010143269,-0.010631746699817294,0.2863647897199599,-0.8246249412463323
2025-06-04,2025-06-11,3,3,0.06680998695156304,3,0.01290059803661849,-0.9933416132295346,0.030701293134050255,0.295156559072423,-0.8192407001591347
2025-06-11,2025-06-18,3,3,-0.0063510996318214274,3,0.012818665053177846,-0.993383901307301,0.006517461214641668,0.29708023049842464,-0.8180626084332361
2025-06-18,2025-06-25,3,3,0.018885190843752585,3,0.013060747989069251,-0.9932589550208483,0.001435656024707295,0.29750673552116114,-0.8178014089209137
2025-06-25,2025-07-02,3,3,0.10166215896871529,3,0.014388531827384338,-0.9925736458345625,0.05701034992338474,0.3144676986177864,-0.8074142034879473
2025-07-02,2025-07-09,3,3,-0.01801871408327017,3,0.014129268986308667,-0.9927074591869507,-0.011364447906246222,0.3108939468386474,-0.8096028347398915
2025-07-09,2025-07-16,3,3,-0.028117285341184278,3,0.01373199229855828,-0.9929125056378534,-0.02180213489800375,0.3041157950706984,-0.8137538994210899
2025-07-16,2025-07-23,3,3,0.03815479904768166,3,0.014255933705234083,-0.9926420837147141,0.006564900714499317,0.30611228507104854,-0.8125312122623267
2025-07-23,2025-07-30,3,3,0.03179258953764538,3,0.014709166754000474,-0.9924081565024037,0.02601190784389414,0.3140748496202005,-0.8076547914320878
2025-07-30,2025-08-06,3,3,0.058390829023782786,3,0.015568047195015625,-0.9919648624667602,0.026850976730041953,0.3225080660988439,-0.8024901347126957
2025-08-06,2025-08-13,3,3,0.0195946686063367,3,0.015873097920649764,-0.99180741660959,0.002675006307479369,0.3233707772098713,-0.8019617945772628
2025-08-13,2025-08-20,3,3,-0.04240134720365859,3,0.015200057184518622,-0.9921547931824217,-0.020019100067647174,0.31689718526195404,-0.8059263412288378
2025-08-20,2025-08-27,3,3,0.057530027326150646,3,0.01607451688970303,-0.9917034582198272,0.027228393342698554,0.3255257864714605,-0.80064202731036
2025-08-27,2025-09-03,3,3,-0.03548296087821666,3,0.015504145435769464,-0.9919978440872375,-0.02004647261593621,0.3190001427071793,-0.8046384514506514
2025-09-03,2025-09-10,3,3,-0.005099236609964167,3,0.01542508612975718,-0.9920386489736265,-0.011892773151878267,0.31520634637454603,-0.8069618420301484
2025-09-10,2025-09-17,3,3,0.1081298433108907,3,0.01709299827602482,-0.9911777893346018,0.05344805497427023,0.3320535125038116,-0.796644327950844
2025-09-17,2025-09-24,3,3,0.04223342668703556,3,0.017814894165576935,-0.990805197147247,0.012440426470790245,0.33618439981048287,-0.7941144966652983
2025-09-24,2025-10-01,3,3,0.012705174138147694,3,0.01804123549820326,-0.9906883755758369,0.0043780173975918445,0.3376562209616521,-0.7932131263497871
2025-10-01,2025-10-08,3,3,-0.016700674883236333,3,0.017739934689655863,-0.9908438859879797,-0.01693819354993645,0.33193693453766354,-0.7967157224392607
2025-10-08,2025-10-15,3,3,-0.03911154734287504,3,0.017046098394181877,-0.9912019957746375,-0.02394870461433325,0.3239874749418338,-0.8015841175553009
2025-10-15,2025-10-22,3,3,0.03492218271169904,3,0.017641385356825096,-0.9908947502635811,0.022858607911801523,0.3313933775998638,-0.7970486066950234
2025-10-22,2025-10-29,3,3,0.11456015272439506,3,0.019662385157572886,-0.9898516514631832,0.044666770577783885,0.34619564956811383,-0.7879834233718285
2025-10-29,2025-11-05,3,3,0.02357930857491633,3,0.02012601060452215,-0.9896123604215078,0.021849314646113848,0.3537597872446433,-0.7833510064788877
2025-11-05,2025-11-12,3,3,0.05150154103618162,3,0.021162531165565577,-0.989077380975487,0.01382913750174455,0.35865197998503734,-0.7803549377578696
2025-11-12,2025-11-19,3,3,-0.002669177448014263,3,0.021106044614635548,-0.9891065353838605,-0.00048445576704554265,0.3584782289649713,-0.7804613460749759
2025-11-19,2025-11-26,3,3,0.013914793901437116,3,0.021399730875522736,-0.9889549550688543,0.00659944760229215,0.36084398725358807,-0.77901251223172
2025-11-26,2025-12-03,3,3,0.07814797627973556,3,0.02307207653637581,-0.9880918071595666,0.04174138888336644,0.3759061164517646,-0.7697881875664261
2025-12-03,2025-12-10,3,3,-0.09229359378141848,3,0.020942671676833745,-0.9891908570722523,-0.04738917694869433,0.3580922349831354,-0.7806977358815204
2025-12-10,2025-12-17,3,3,-0.004843184096957244,3,0.020841242462420705,-0.9892432077413817,-0.023173527748314104,0.34979397463929796,-0.785779742984338
2025-12-17,2025-12-24,3,3,-0.002116171237900853,3,0.02079713882455961,-0.9892659709557715,-0.002199051364251599,0.3490247597221604,-0.7862508243327786
2025-12-24,2025-12-31,3,2,0.07863365395121928,2,0.022432493842065502,-0.9884219150304053,0.01939823721020529,0.3557952248034858,-0.7821044671196999
